2026-05-16 00:37:33,199 | INFO | ai.pipeline | ============================================================
2026-05-16 00:37:33,200 | INFO | ai.pipeline |    AI Traffic Intelligence Engine — Starting
2026-05-16 00:37:33,200 | INFO | ai.pipeline | ============================================================
2026-05-16 00:37:33,200 | INFO | ai.core.detector | Loading YOLO model: models/yolov8n.pt on device=cpu
2026-05-16 00:37:33,235 | INFO | ai.core.detector | Model loaded successfully.
2026-05-16 00:37:33,235 | INFO | ai.core.tracker | VehicleTracker initialized | px/m=91.4 | stop_threshold=3.0 km/h
2026-05-16 00:37:33,236 | INFO | ai.core.lane_manager | LaneManager initialized with 2 lanes.
2026-05-16 00:37:33,239 | INFO | ai.pipeline | All modules initialized successfully.
2026-05-16 00:37:33,257 | INFO | ai.pipeline | Camera opened | source=datasets/traffic.mp4 | resolution=640x360
2026-05-16 00:37:33,257 | INFO | ai.pipeline | Pipeline running — press Q to stop.
2026-05-16 00:37:34,704 | WARNING | ai.pipeline | Sudden stop detected — track IDs: [1, 3, 4, 5, 6]
2026-05-16 00:37:34,797 | WARNING | ai.pipeline | Sudden stop detected — track IDs: [1, 2, 3, 4, 5, 6]
2026-05-16 00:37:34,895 | WARNING | ai.pipeline | Sudden stop detected — track IDs: [1, 3, 4, 5, 6]
2026-05-16 00:37:34,985 | WARNING | ai.pipeline | Sudden stop detected — track IDs: [1, 3, 4, 5, 6]
2026-05-16 00:37:35,072 | WARNING | ai.pipeline | Sudden stop detected — track IDs: [1, 3, 4, 5, 6, 9]
2026-05-16 00:37:35,150 | WARNING | ai.pipeline | Sudden stop detected — track IDs: [3, 4, 5, 6, 9]
2026-05-16 00:37:35,228 | WARNING | ai.pipeline | Sudden stop detected — track IDs: [1, 3, 4, 5, 6, 9]
2026-05-16 00:37:35,299 | WARNING | ai.pipeline | Sudden stop detected — track IDs: [3, 5, 6, 9]
2026-05-16 00:37:35,374 | WARNING | ai.pipeline | Sudden stop detected — track IDs: [3, 5, 6, 9]
2026-05-16 00:37:35,450 | WARNING | ai.pipeline | Sudden stop detected — track IDs: [3, 4, 5, 6, 9]
2026-05-16 00:37:35,528 | WARNING | ai.pipeline | Sudden stop detected — track IDs: [3, 4, 5, 6, 9]
2026-05-16 00:37:35,608 | WARNING | ai.pipeline | Sudden stop detected — track IDs: [3, 4, 5, 6, 9]
2026-05-16 00:37:35,682 | WARNING | ai.pipeline | Sudden stop detected — track IDs: [3, 4, 5, 6, 9]
2026-05-16 00:37:35,763 | WARNING | ai.pipeline | Sudden stop detected — track IDs: [3, 4, 5, 6, 9, 16]
2026-05-16 00:37:35,838 | WARNING | ai.pipeline | Sudden stop detected — track IDs: [3, 4, 5, 6, 9, 13, 16]
2026-05-16 00:37:35,914 | WARNING | ai.pipeline | Sudden stop detected — track IDs: [3, 4, 5, 6, 9, 13, 16]
2026-05-16 00:37:35,991 | WARNING | ai.pipeline | Sudden stop detected — track IDs: [3, 4, 5, 6, 9, 13, 16]
2026-05-16 00:37:36,075 | WARNING | ai.pipeline | Sudden stop detected — track IDs: [3, 4, 5, 6, 9, 13, 16]
2026-05-16 00:37:36,148 | WARNING | ai.pipeline | Sudden stop detected — track IDs: [3, 4, 5, 6, 9, 13, 16]
2026-05-16 00:37:36,225 | WARNING | ai.pipeline | Sudden stop detected — track IDs: [3, 4, 5, 6, 9, 13, 16]
2026-05-16 00:37:36,301 | WARNING | ai.pipeline | Sudden stop detected — track IDs: [3, 4, 5, 6, 9, 13, 16]
2026-05-16 00:37:36,380 | WARNING | ai.pipeline | Sudden stop detected — track IDs: [3, 4, 5, 6, 9, 13, 16]
2026-05-16 00:37:36,458 | WARNING | ai.pipeline | Sudden stop detected — track IDs: [3, 4, 5, 6, 9, 13, 16]
2026-05-16 00:37:36,533 | WARNING | ai.pipeline | Sudden stop detected — track IDs: [3, 4, 5, 6, 9, 13, 16, 19]
2026-05-16 00:37:36,615 | WARNING | ai.pipeline | Sudden stop detected — track IDs: [3, 4, 5, 6, 9, 13, 16, 19]
2026-05-16 00:37:36,690 | WARNING | ai.pipeline | Sudden stop detected — track IDs: [3, 4, 5, 6, 9, 13, 16, 19]
2026-05-16 00:37:36,767 | WARNING | ai.pipeline | Sudden stop detected — track IDs: [3, 4, 5, 6, 9, 13, 16, 19]
2026-05-16 00:37:36,846 | WARNING | ai.pipeline | Sudden stop detected — track IDs: [3, 4, 5, 6, 9, 13, 16, 19]
2026-05-16 00:37:36,926 | WARNING | ai.pipeline | Sudden stop detected — track IDs: [3, 4, 5, 6, 9, 13, 16, 19]
2026-05-16 00:37:36,999 | WARNING | ai.pipeline | Sudden stop detected — track IDs: [3, 4, 5, 6, 9, 13, 16, 19]
2026-05-16 00:37:37,078 | WARNING | ai.pipeline | Sudden stop detected — track IDs: [3, 4, 5, 6, 9, 13, 16, 19]
2026-05-16 00:37:37,153 | WARNING | ai.pipeline | Sudden stop detected — track IDs: [3, 4, 5, 6, 9, 13, 16, 19]
2026-05-16 00:37:37,232 | WARNING | ai.pipeline | Sudden stop detected — track IDs: [3, 4, 5, 6, 9, 13, 16, 19]
2026-05-16 00:37:37,311 | WARNING | ai.pipeline | Sudden stop detected — track IDs: [3, 4, 5, 6, 9, 13, 16]
2026-05-16 00:37:37,385 | WARNING | ai.pipeline | Sudden stop detected — track IDs: [3, 4, 5, 6, 9, 13, 16]
2026-05-16 00:37:37,466 | WARNING | ai.pipeline | Sudden stop detected — track IDs: [3, 4, 5, 6, 9, 13, 16]
2026-05-16 00:37:37,541 | WARNING | ai.pipeline | Sudden stop detected — track IDs: [3, 4, 5, 6, 9, 13, 16, 20]
2026-05-16 00:37:37,617 | WARNING | ai.pipeline | Sudden stop detected — track IDs: [3, 4, 5, 6, 9, 13, 16, 20]
2026-05-16 00:37:37,693 | WARNING | ai.pipeline | Sudden stop detected — track IDs: [3, 4, 5, 6, 9, 13, 16, 20]
2026-05-16 00:37:37,774 | WARNING | ai.pipeline | Sudden stop detected — track IDs: [3, 4, 5, 6, 9, 13, 16, 19, 20, 22]
2026-05-16 00:37:37,849 | WARNING | ai.pipeline | Sudden stop detected — track IDs: [3, 4, 5, 6, 9, 13, 16, 19, 20, 22]
2026-05-16 00:37:37,927 | WARNING | ai.pipeline | Sudden stop detected — track IDs: [3, 4, 5, 6, 9, 13, 16, 19, 20, 22]
2026-05-16 00:37:38,004 | WARNING | ai.pipeline | Sudden stop detected — track IDs: [3, 4, 5, 6, 9, 13, 16, 19, 20, 22]
2026-05-16 00:37:38,084 | WARNING | ai.pipeline | Sudden stop detected — track IDs: [3, 4, 5, 6, 9, 13, 16, 19, 20, 22]
2026-05-16 00:37:38,162 | WARNING | ai.pipeline | Sudden stop detected — track IDs: [3, 4, 5, 6, 9, 13, 16, 19, 20, 22]
2026-05-16 00:37:38,239 | WARNING | ai.pipeline | Sudden stop detected — track IDs: [3, 4, 5, 6, 13, 16, 19, 20, 22]
2026-05-16 00:37:38,314 | WARNING | ai.pipeline | Sudden stop detected — track IDs: [3, 4, 5, 6, 9, 13, 16, 19, 20, 22]
2026-05-16 00:37:38,392 | WARNING | ai.pipeline | Sudden stop detected — track IDs: [3, 4, 5, 6, 9, 13, 16, 19, 20, 22]
2026-05-16 00:37:38,472 | WARNING | ai.pipeline | Sudden stop detected — track IDs: [3, 4, 5, 6, 13, 16, 19, 20, 22, 24]
2026-05-16 00:37:38,551 | WARNING | ai.pipeline | Sudden stop detected — track IDs: [3, 4, 5, 6, 13, 16, 19, 20, 22, 24]
2026-05-16 00:37:38,626 | WARNING | ai.pipeline | Sudden stop detected — track IDs: [3, 4, 5, 6, 13, 16, 19, 20, 22, 24]
2026-05-16 00:37:38,703 | WARNING | ai.pipeline | Sudden stop detected — track IDs: [3, 4, 5, 6, 13, 16, 19, 20, 22, 24]
2026-05-16 00:37:38,780 | WARNING | ai.pipeline | Sudden stop detected — track IDs: [3, 4, 5, 6, 13, 16, 19, 20, 22, 24]
2026-05-16 00:37:38,860 | WARNING | ai.pipeline | Sudden stop detected — track IDs: [3, 4, 5, 6, 13, 16, 19, 20, 22, 24]
2026-05-16 00:37:38,939 | WARNING | ai.pipeline | Sudden stop detected — track IDs: [3, 4, 5, 13, 16, 19, 20, 22, 24]
2026-05-16 00:37:39,014 | WARNING | ai.pipeline | Sudden stop detected — track IDs: [3, 4, 5, 13, 16, 19, 20, 22, 24]
2026-05-16 00:37:39,094 | WARNING | ai.pipeline | Sudden stop detected — track IDs: [3, 4, 5, 13, 16, 19, 20, 22, 24]
2026-05-16 00:37:39,169 | WARNING | ai.pipeline | Sudden stop detected — track IDs: [3, 4, 5, 13, 16, 19, 20, 22, 24]
2026-05-16 00:37:39,250 | WARNING | ai.pipeline | Sudden stop detected — track IDs: [3, 4, 5, 13, 16, 19, 20, 22, 24]
2026-05-16 00:37:39,324 | WARNING | ai.pipeline | Sudden stop detected — track IDs: [3, 4, 5, 13, 16, 19, 20, 22, 24]
2026-05-16 00:37:39,401 | WARNING | ai.pipeline | Sudden stop detected — track IDs: [3, 4, 5, 13, 16, 19, 20, 22, 24]
2026-05-16 00:37:39,481 | WARNING | ai.pipeline | Sudden stop detected — track IDs: [3, 4, 5, 13, 16, 19, 20, 22, 24]
2026-05-16 00:37:39,559 | WARNING | ai.pipeline | Sudden stop detected — track IDs: [3, 4, 5, 13, 16, 19, 20, 22, 24]
2026-05-16 00:37:39,636 | WARNING | ai.pipeline | Sudden stop detected — track IDs: [3, 4, 5, 13, 16, 19, 20, 22, 24, 28]
2026-05-16 00:37:39,715 | WARNING | ai.pipeline | Sudden stop detected — track IDs: [3, 4, 5, 16, 19, 20, 22, 24, 28]
2026-05-16 00:37:39,786 | WARNING | ai.pipeline | Sudden stop detected — track IDs: [3, 4, 5, 16, 19, 20, 22, 24, 28]
2026-05-16 00:37:39,865 | WARNING | ai.pipeline | Sudden stop detected — track IDs: [3, 4, 5, 16, 19, 20, 22, 24, 28]
2026-05-16 00:37:39,942 | WARNING | ai.pipeline | Sudden stop detected — track IDs: [3, 4, 5, 6, 16, 19, 20, 22, 24, 28]
2026-05-16 00:37:40,015 | WARNING | ai.pipeline | Sudden stop detected — track IDs: [3, 4, 5, 6, 16, 19, 20, 24, 28]
2026-05-16 00:37:40,100 | WARNING | ai.pipeline | Sudden stop detected — track IDs: [3, 4, 5, 6, 16, 19, 20, 22, 24, 28]
2026-05-16 00:37:40,178 | WARNING | ai.pipeline | Sudden stop detected — track IDs: [3, 4, 5, 6, 16, 19, 20, 24, 28, 32]
2026-05-16 00:37:40,254 | WARNING | ai.pipeline | Sudden stop detected — track IDs: [3, 4, 5, 6, 16, 19, 20, 24, 28, 32]
2026-05-16 00:37:40,335 | WARNING | ai.pipeline | Sudden stop detected — track IDs: [3, 4, 5, 6, 16, 19, 20, 24, 28, 32]
2026-05-16 00:37:40,410 | WARNING | ai.pipeline | Sudden stop detected — track IDs: [3, 4, 5, 6, 16, 19, 20, 24, 28, 32]
2026-05-16 00:37:40,484 | WARNING | ai.pipeline | Sudden stop detected — track IDs: [3, 4, 5, 6, 16, 19, 20, 24, 28, 32]
2026-05-16 00:37:40,560 | WARNING | ai.pipeline | Sudden stop detected — track IDs: [3, 4, 5, 6, 16, 19, 20, 24, 28, 32]
2026-05-16 00:37:40,636 | WARNING | ai.pipeline | Sudden stop detected — track IDs: [3, 4, 5, 6, 16, 19, 20, 24, 28, 34]
2026-05-16 00:37:40,715 | WARNING | ai.pipeline | Sudden stop detected — track IDs: [3, 4, 5, 6, 16, 19, 20, 24, 28, 34]
2026-05-16 00:37:40,794 | WARNING | ai.pipeline | Sudden stop detected — track IDs: [3, 4, 5, 6, 16, 19, 20, 24, 28, 32, 34]
2026-05-16 00:37:41,098 | WARNING | ai.pipeline | Sudden stop detected — track IDs: [3, 4, 5, 6, 16, 19, 20, 24, 28, 32, 34]
2026-05-16 00:37:41,192 | WARNING | ai.pipeline | Sudden stop detected — track IDs: [3, 4, 5, 6, 16, 19, 20, 24, 28, 32, 34]
2026-05-16 00:37:41,280 | WARNING | ai.pipeline | Sudden stop detected — track IDs: [3, 4, 5, 6, 16, 19, 20, 24, 28, 32, 34]
2026-05-16 00:37:41,367 | WARNING | ai.pipeline | Sudden stop detected — track IDs: [3, 4, 5, 6, 16, 19, 20, 24, 28, 32, 34]
2026-05-16 00:37:41,443 | WARNING | ai.pipeline | Sudden stop detected — track IDs: [3, 4, 5, 6, 16, 19, 20, 24, 28, 32, 34]
2026-05-16 00:37:41,521 | WARNING | ai.pipeline | Sudden stop detected — track IDs: [3, 4, 5, 6, 16, 19, 20, 24, 28, 32, 34]
2026-05-16 00:37:41,598 | WARNING | ai.pipeline | Sudden stop detected — track IDs: [3, 4, 6, 16, 19, 20, 28, 32, 34]
2026-05-16 00:37:41,676 | WARNING | ai.pipeline | Sudden stop detected — track IDs: [3, 4, 6, 16, 19, 20, 24, 28, 32, 34, 36]
2026-05-16 00:37:41,752 | WARNING | ai.pipeline | Sudden stop detected — track IDs: [3, 4, 6, 16, 19, 20, 28, 32, 34]
2026-05-16 00:37:41,752 | WARNING | ai.pipeline | Wrong-way vehicle — track IDs: [4]
2026-05-16 00:37:41,829 | WARNING | ai.pipeline | Sudden stop detected — track IDs: [3, 4, 6, 16, 19, 20, 28, 32, 34, 36]
2026-05-16 00:37:41,906 | WARNING | ai.pipeline | Sudden stop detected — track IDs: [3, 4, 6, 16, 19, 20, 28, 32, 34]
2026-05-16 00:37:41,982 | WARNING | ai.pipeline | Sudden stop detected — track IDs: [3, 4, 6, 16, 19, 20, 28, 32, 34]
2026-05-16 00:37:42,063 | WARNING | ai.pipeline | Sudden stop detected — track IDs: [3, 4, 6, 16, 19, 20, 28, 32, 34]
2026-05-16 00:37:42,137 | WARNING | ai.pipeline | Sudden stop detected — track IDs: [3, 4, 6, 16, 19, 20, 28, 32, 34]
2026-05-16 00:37:42,216 | WARNING | ai.pipeline | Sudden stop detected — track IDs: [3, 4, 6, 19, 20, 28, 32, 34]
2026-05-16 00:37:42,296 | WARNING | ai.pipeline | Sudden stop detected — track IDs: [3, 4, 6, 19, 20, 28, 32, 34, 36]
2026-05-16 00:37:42,373 | WARNING | ai.pipeline | Sudden stop detected — track IDs: [3, 4, 6, 19, 20, 28, 32, 34]
2026-05-16 00:37:42,452 | WARNING | ai.pipeline | Sudden stop detected — track IDs: [3, 4, 6, 19, 20, 28, 32, 34, 36]
2026-05-16 00:37:42,534 | WARNING | ai.pipeline | Sudden stop detected — track IDs: [3, 4, 6, 19, 20, 28, 32, 34]
2026-05-16 00:37:42,606 | WARNING | ai.pipeline | Sudden stop detected — track IDs: [3, 4, 6, 19, 20, 28, 32, 34, 36]
2026-05-16 00:37:42,685 | WARNING | ai.pipeline | Sudden stop detected — track IDs: [3, 4, 6, 19, 20, 28, 32, 34, 36]
2026-05-16 00:37:42,759 | WARNING | ai.pipeline | Sudden stop detected — track IDs: [3, 4, 6, 19, 20, 28, 32, 33, 34, 36]
2026-05-16 00:37:42,839 | WARNING | ai.pipeline | Sudden stop detected — track IDs: [3, 4, 6, 19, 20, 28, 32, 33, 36]
2026-05-16 00:37:42,917 | WARNING | ai.pipeline | Sudden stop detected — track IDs: [3, 4, 6, 19, 20, 28, 32, 33, 34, 36]
2026-05-16 00:37:42,996 | WARNING | ai.pipeline | Sudden stop detected — track IDs: [3, 4, 6, 19, 20, 28, 32, 33, 34, 36]
2026-05-16 00:37:43,071 | WARNING | ai.pipeline | Sudden stop detected — track IDs: [3, 4, 6, 19, 20, 32, 33, 34, 36]
2026-05-16 00:37:43,142 | WARNING | ai.pipeline | Sudden stop detected — track IDs: [3, 4, 6, 19, 20, 32, 33, 36]
2026-05-16 00:37:43,228 | WARNING | ai.pipeline | Sudden stop detected — track IDs: [3, 4, 19, 20, 32, 33, 36]
2026-05-16 00:37:43,304 | WARNING | ai.pipeline | Sudden stop detected — track IDs: [3, 4, 19, 20, 32, 33, 36]
2026-05-16 00:37:43,305 | INFO | ai.analytics.event_logger | Snapshot saved: outputs/snapshot_1778872063.json
2026-05-16 00:37:43,379 | WARNING | ai.pipeline | Sudden stop detected — track IDs: [3, 4, 19, 20, 32, 33, 36]
2026-05-16 00:37:43,458 | WARNING | ai.pipeline | Sudden stop detected — track IDs: [3, 4, 19, 20, 32, 33, 36]
2026-05-16 00:37:43,537 | WARNING | ai.pipeline | Sudden stop detected — track IDs: [3, 4, 19, 20, 32, 33, 36]
2026-05-16 00:37:43,611 | WARNING | ai.pipeline | Sudden stop detected — track IDs: [3, 4, 19, 20, 32, 33, 36, 40]
2026-05-16 00:37:43,690 | WARNING | ai.pipeline | Sudden stop detected — track IDs: [3, 4, 19, 20, 32, 33, 36, 40]
2026-05-16 00:37:43,770 | WARNING | ai.pipeline | Sudden stop detected — track IDs: [3, 4, 19, 20, 32, 33, 36, 40]
2026-05-16 00:37:43,844 | WARNING | ai.pipeline | Sudden stop detected — track IDs: [3, 4, 19, 20, 32, 33, 36, 40]
2026-05-16 00:37:43,928 | WARNING | ai.pipeline | Sudden stop detected — track IDs: [3, 4, 19, 20, 32, 33, 36, 40]
2026-05-16 00:37:44,016 | WARNING | ai.pipeline | Sudden stop detected — track IDs: [3, 4, 19, 20, 32, 33, 36, 39, 40]
2026-05-16 00:37:44,099 | WARNING | ai.pipeline | Sudden stop detected — track IDs: [3, 4, 19, 20, 32, 33, 36, 39, 40]
2026-05-16 00:37:44,167 | WARNING | ai.pipeline | Sudden stop detected — track IDs: [3, 4, 19, 20, 32, 33, 36, 39, 40]
2026-05-16 00:37:44,247 | WARNING | ai.pipeline | Sudden stop detected — track IDs: [3, 4, 19, 20, 32, 33, 36, 39, 40, 42]
2026-05-16 00:37:44,327 | WARNING | ai.pipeline | Sudden stop detected — track IDs: [3, 4, 19, 20, 32, 33, 36, 39, 40, 42]
2026-05-16 00:37:44,406 | WARNING | ai.pipeline | Sudden stop detected — track IDs: [3, 4, 19, 20, 32, 33, 36, 39, 40, 42]
2026-05-16 00:37:44,490 | WARNING | ai.pipeline | Sudden stop detected — track IDs: [3, 4, 19, 20, 32, 33, 36, 39, 40, 42]
2026-05-16 00:37:44,568 | WARNING | ai.pipeline | Sudden stop detected — track IDs: [3, 4, 19, 20, 32, 33, 36, 39, 40, 42]
2026-05-16 00:37:44,644 | WARNING | ai.pipeline | Sudden stop detected — track IDs: [3, 4, 19, 20, 32, 33, 36, 39, 40, 42]
2026-05-16 00:37:44,723 | WARNING | ai.pipeline | Sudden stop detected — track IDs: [3, 4, 19, 20, 32, 33, 36, 39, 40, 42]
2026-05-16 00:37:44,797 | WARNING | ai.pipeline | Sudden stop detected — track IDs: [3, 4, 19, 20, 32, 33, 36, 39, 40, 42]
2026-05-16 00:37:44,880 | WARNING | ai.pipeline | Sudden stop detected — track IDs: [3, 4, 19, 20, 32, 33, 36, 39, 40, 42, 43]
2026-05-16 00:37:44,957 | WARNING | ai.pipeline | Sudden stop detected — track IDs: [3, 4, 19, 20, 32, 33, 36, 39, 40, 42, 43]
2026-05-16 00:37:45,034 | WARNING | ai.pipeline | Sudden stop detected — track IDs: [3, 4, 19, 20, 32, 33, 36, 39, 40, 42, 43]
2026-05-16 00:37:45,111 | WARNING | ai.pipeline | Sudden stop detected — track IDs: [3, 4, 19, 20, 32, 33, 36, 39, 40, 42, 43]
2026-05-16 00:37:45,186 | WARNING | ai.pipeline | Sudden stop detected — track IDs: [3, 4, 19, 20, 32, 33, 36, 39, 40, 42, 43]
2026-05-16 00:37:45,268 | WARNING | ai.pipeline | Sudden stop detected — track IDs: [3, 19, 20, 32, 33, 36, 39, 40, 42, 43]
2026-05-16 00:37:45,334 | WARNING | ai.pipeline | Sudden stop detected — track IDs: [3, 19, 20, 32, 36, 39, 40, 42, 43]
2026-05-16 00:37:45,416 | WARNING | ai.pipeline | Sudden stop detected — track IDs: [3, 19, 20, 32, 33, 36, 39, 40, 42, 43]
2026-05-16 00:37:45,494 | WARNING | ai.pipeline | Sudden stop detected — track IDs: [3, 19, 20, 32, 36, 39, 40, 42, 43, 45]
2026-05-16 00:37:45,570 | WARNING | ai.pipeline | Sudden stop detected — track IDs: [3, 19, 20, 32, 36, 39, 40, 42, 45]
2026-05-16 00:37:45,645 | WARNING | ai.pipeline | Sudden stop detected — track IDs: [19, 20, 32, 36, 39, 40, 42, 45, 47]
2026-05-16 00:37:45,723 | WARNING | ai.pipeline | Sudden stop detected — track IDs: [19, 20, 32, 36, 39, 40, 42, 43, 45, 47]
2026-05-16 00:37:45,803 | WARNING | ai.pipeline | Sudden stop detected — track IDs: [19, 20, 32, 36, 39, 40, 42, 43, 45, 47]
2026-05-16 00:37:45,883 | WARNING | ai.pipeline | Sudden stop detected — track IDs: [19, 20, 32, 36, 39, 40, 42, 43, 45]
2026-05-16 00:37:45,958 | WARNING | ai.pipeline | Sudden stop detected — track IDs: [19, 20, 32, 36, 39, 40, 42, 43, 45]
2026-05-16 00:37:46,036 | WARNING | ai.pipeline | Sudden stop detected — track IDs: [19, 20, 32, 36, 39, 40, 42, 43, 45]
2026-05-16 00:37:46,110 | WARNING | ai.pipeline | Sudden stop detected — track IDs: [19, 20, 32, 36, 39, 40, 42, 43, 45]
2026-05-16 00:37:46,189 | WARNING | ai.pipeline | Sudden stop detected — track IDs: [19, 20, 32, 36, 39, 42, 43, 45]
2026-05-16 00:37:46,270 | WARNING | ai.pipeline | Sudden stop detected — track IDs: [19, 20, 32, 36, 39, 42, 43, 45]
2026-05-16 00:37:46,348 | WARNING | ai.pipeline | Sudden stop detected — track IDs: [19, 20, 32, 36, 39, 42, 43, 45, 47]
2026-05-16 00:37:46,426 | WARNING | ai.pipeline | Sudden stop detected — track IDs: [19, 20, 32, 36, 39, 42, 43, 45, 47]
2026-05-16 00:37:46,501 | WARNING | ai.pipeline | Sudden stop detected — track IDs: [19, 20, 32, 36, 42, 43, 45, 47]
2026-05-16 00:37:46,579 | WARNING | ai.pipeline | Sudden stop detected — track IDs: [19, 20, 32, 36, 42, 43, 45, 47]
2026-05-16 00:37:46,656 | WARNING | ai.pipeline | Sudden stop detected — track IDs: [19, 20, 32, 36, 42, 43, 45, 47]
2026-05-16 00:37:46,732 | WARNING | ai.pipeline | Sudden stop detected — track IDs: [19, 20, 32, 36, 42, 43, 45, 47]
2026-05-16 00:37:46,811 | WARNING | ai.pipeline | Sudden stop detected — track IDs: [19, 20, 32, 36, 42, 43, 45, 47]
2026-05-16 00:37:46,889 | WARNING | ai.pipeline | Sudden stop detected — track IDs: [19, 20, 32, 36, 42, 43, 45, 47]
2026-05-16 00:37:46,966 | WARNING | ai.pipeline | Sudden stop detected — track IDs: [19, 20, 32, 36, 42, 43, 45, 47]
2026-05-16 00:37:47,045 | WARNING | ai.pipeline | Sudden stop detected — track IDs: [19, 20, 32, 36, 42, 43, 45, 47]
2026-05-16 00:37:47,118 | WARNING | ai.pipeline | Sudden stop detected — track IDs: [19, 20, 32, 36, 42, 43, 45, 47]
2026-05-16 00:37:47,197 | WARNING | ai.pipeline | Sudden stop detected — track IDs: [19, 20, 32, 36, 42, 43, 45, 47]
2026-05-16 00:37:47,274 | WARNING | ai.pipeline | Sudden stop detected — track IDs: [19, 20, 32, 36, 42, 43, 45, 47]
2026-05-16 00:37:47,351 | WARNING | ai.pipeline | Sudden stop detected — track IDs: [19, 20, 32, 36, 42, 43, 45, 47]
2026-05-16 00:37:47,431 | WARNING | ai.pipeline | Sudden stop detected — track IDs: [19, 20, 32, 36, 42, 43, 45, 47]
2026-05-16 00:37:47,506 | WARNING | ai.pipeline | Sudden stop detected — track IDs: [19, 20, 32, 36, 42, 43, 47]
2026-05-16 00:37:47,587 | WARNING | ai.pipeline | Sudden stop detected — track IDs: [19, 20, 32, 36, 42, 43, 45, 47]
2026-05-16 00:37:47,665 | WARNING | ai.pipeline | Sudden stop detected — track IDs: [19, 20, 32, 36, 42, 43, 45, 47]
2026-05-16 00:37:47,742 | WARNING | ai.pipeline | Sudden stop detected — track IDs: [19, 20, 32, 36, 42, 43, 47]
2026-05-16 00:37:47,820 | WARNING | ai.pipeline | Sudden stop detected — track IDs: [19, 20, 32, 36, 42, 43, 45, 47]
2026-05-16 00:37:47,898 | WARNING | ai.pipeline | Sudden stop detected — track IDs: [19, 20, 32, 36, 42, 43, 47]
2026-05-16 00:37:47,976 | WARNING | ai.pipeline | Sudden stop detected — track IDs: [19, 20, 32, 36, 42, 43, 47]
2026-05-16 00:37:48,055 | WARNING | ai.pipeline | Sudden stop detected — track IDs: [19, 20, 32, 36, 42, 43, 47]
2026-05-16 00:37:48,130 | WARNING | ai.pipeline | Sudden stop detected — track IDs: [19, 20, 32, 36, 42, 43, 47]
2026-05-16 00:37:48,208 | WARNING | ai.pipeline | Sudden stop detected — track IDs: [19, 20, 32, 36, 42, 43, 47]
2026-05-16 00:37:48,287 | WARNING | ai.pipeline | Sudden stop detected — track IDs: [19, 20, 32, 36, 42, 43, 47]
2026-05-16 00:37:48,365 | WARNING | ai.pipeline | Sudden stop detected — track IDs: [19, 20, 32, 36, 42, 43, 47]
2026-05-16 00:37:48,444 | WARNING | ai.pipeline | Sudden stop detected — track IDs: [19, 20, 32, 36, 42, 43, 47]
2026-05-16 00:37:48,520 | WARNING | ai.pipeline | Sudden stop detected — track IDs: [19, 20, 32, 36, 42, 43, 47]
2026-05-16 00:37:48,596 | WARNING | ai.pipeline | Sudden stop detected — track IDs: [19, 20, 32, 36, 42, 43, 47]
2026-05-16 00:37:48,671 | WARNING | ai.pipeline | Sudden stop detected — track IDs: [19, 20, 32, 36, 42, 43, 47]
2026-05-16 00:37:48,748 | WARNING | ai.pipeline | Sudden stop detected — track IDs: [19, 20, 32, 36, 42, 43, 47]
2026-05-16 00:37:48,827 | WARNING | ai.pipeline | Sudden stop detected — track IDs: [19, 20, 32, 36, 42, 43, 47]
2026-05-16 00:37:48,904 | WARNING | ai.pipeline | Sudden stop detected — track IDs: [19, 20, 32, 36, 42, 43, 47]
2026-05-16 00:37:48,981 | WARNING | ai.pipeline | Sudden stop detected — track IDs: [19, 20, 32, 36, 42, 43, 47]
2026-05-16 00:37:49,059 | WARNING | ai.pipeline | Sudden stop detected — track IDs: [19, 20, 32, 36, 42, 43, 47]
2026-05-16 00:37:49,135 | WARNING | ai.pipeline | Sudden stop detected — track IDs: [19, 20, 32, 36, 42, 43, 47]
2026-05-16 00:37:49,213 | WARNING | ai.pipeline | Sudden stop detected — track IDs: [19, 20, 32, 36, 42, 43, 47]
2026-05-16 00:37:49,292 | WARNING | ai.pipeline | Sudden stop detected — track IDs: [19, 20, 32, 36, 42, 43, 47, 49]
2026-05-16 00:37:49,368 | WARNING | ai.pipeline | Sudden stop detected — track IDs: [19, 20, 32, 36, 42, 43, 47, 49]
2026-05-16 00:37:49,446 | WARNING | ai.pipeline | Sudden stop detected — track IDs: [19, 20, 32, 36, 42, 43, 47, 49]
2026-05-16 00:37:49,525 | WARNING | ai.pipeline | Sudden stop detected — track IDs: [19, 20, 32, 36, 42, 43, 47, 49]
2026-05-16 00:37:49,604 | WARNING | ai.pipeline | Sudden stop detected — track IDs: [19, 20, 32, 36, 42, 43, 47, 49]
2026-05-16 00:37:49,680 | WARNING | ai.pipeline | Sudden stop detected — track IDs: [19, 20, 32, 36, 42, 43, 47, 49]
2026-05-16 00:37:49,758 | WARNING | ai.pipeline | Sudden stop detected — track IDs: [19, 20, 32, 36, 42, 43, 47, 49]
2026-05-16 00:37:49,834 | WARNING | ai.pipeline | Sudden stop detected — track IDs: [19, 20, 32, 36, 42, 43, 47, 49]
2026-05-16 00:37:49,910 | WARNING | ai.pipeline | Sudden stop detected — track IDs: [19, 20, 32, 36, 42, 43, 47, 49]
2026-05-16 00:37:49,989 | WARNING | ai.pipeline | Sudden stop detected — track IDs: [19, 20, 32, 36, 42, 43, 47, 49, 52]
2026-05-16 00:37:50,067 | WARNING | ai.pipeline | Sudden stop detected — track IDs: [19, 20, 32, 36, 42, 43, 47, 49, 52]
2026-05-16 00:37:50,145 | WARNING | ai.pipeline | Sudden stop detected — track IDs: [19, 20, 32, 36, 42, 43, 47, 49, 52]
2026-05-16 00:37:50,223 | WARNING | ai.pipeline | Sudden stop detected — track IDs: [19, 20, 32, 36, 42, 43, 47, 49, 52]
2026-05-16 00:37:50,300 | WARNING | ai.pipeline | Sudden stop detected — track IDs: [20, 32, 36, 42, 43, 47, 49, 52]
2026-05-16 00:37:50,379 | WARNING | ai.pipeline | Sudden stop detected — track IDs: [20, 32, 36, 42, 43, 47, 49, 52]
2026-05-16 00:37:50,454 | WARNING | ai.pipeline | Sudden stop detected — track IDs: [20, 32, 36, 42, 43, 47, 49, 52]
2026-05-16 00:37:50,530 | WARNING | ai.pipeline | Sudden stop detected — track IDs: [20, 32, 36, 42, 43, 47, 49, 52, 54]
2026-05-16 00:37:50,605 | WARNING | ai.pipeline | Sudden stop detected — track IDs: [20, 32, 36, 42, 43, 47, 49, 52, 54]
2026-05-16 00:37:50,686 | WARNING | ai.pipeline | Sudden stop detected — track IDs: [20, 32, 36, 42, 43, 47, 49, 52, 54]
2026-05-16 00:37:50,763 | WARNING | ai.pipeline | Sudden stop detected — track IDs: [20, 32, 36, 42, 43, 47, 49, 52, 54]
2026-05-16 00:37:50,851 | WARNING | ai.pipeline | Sudden stop detected — track IDs: [20, 32, 36, 42, 43, 47, 49, 52, 54]
2026-05-16 00:37:50,920 | WARNING | ai.pipeline | Sudden stop detected — track IDs: [20, 32, 36, 42, 43, 47, 49, 52, 54]
2026-05-16 00:37:50,995 | WARNING | ai.pipeline | Sudden stop detected — track IDs: [32, 36, 42, 43, 47, 49, 52]
2026-05-16 00:37:51,075 | WARNING | ai.pipeline | Sudden stop detected — track IDs: [32, 36, 42, 43, 47, 49, 52, 54, 55]
2026-05-16 00:37:51,152 | WARNING | ai.pipeline | Sudden stop detected — track IDs: [32, 36, 42, 43, 47, 49, 52, 54, 55]
2026-05-16 00:37:51,229 | WARNING | ai.pipeline | Sudden stop detected — track IDs: [32, 36, 42, 43, 47, 49, 52, 54, 55]
2026-05-16 00:37:51,308 | WARNING | ai.pipeline | Sudden stop detected — track IDs: [36, 42, 43, 47, 49, 52, 54, 55]
2026-05-16 00:37:51,382 | WARNING | ai.pipeline | Sudden stop detected — track IDs: [36, 42, 43, 47, 49, 52, 55, 56]
2026-05-16 00:37:51,459 | WARNING | ai.pipeline | Sudden stop detected — track IDs: [36, 42, 43, 47, 49, 52, 54, 55, 56]
2026-05-16 00:37:51,538 | WARNING | ai.pipeline | Sudden stop detected — track IDs: [36, 42, 43, 47, 49, 52, 54, 55, 56]
2026-05-16 00:37:51,614 | WARNING | ai.pipeline | Sudden stop detected — track IDs: [36, 42, 43, 47, 49, 52, 54, 55, 56]
2026-05-16 00:37:51,690 | WARNING | ai.pipeline | Sudden stop detected — track IDs: [36, 42, 43, 47, 49, 52, 54, 55]
2026-05-16 00:37:51,773 | WARNING | ai.pipeline | Sudden stop detected — track IDs: [36, 42, 43, 47, 49, 52, 54, 55]
2026-05-16 00:37:51,847 | WARNING | ai.pipeline | Sudden stop detected — track IDs: [36, 42, 43, 47, 49, 52, 54, 55]
2026-05-16 00:37:51,926 | WARNING | ai.pipeline | Sudden stop detected — track IDs: [36, 42, 43, 47, 52, 54, 55]
2026-05-16 00:37:52,001 | WARNING | ai.pipeline | Sudden stop detected — track IDs: [36, 42, 43, 47, 52, 54, 55]
2026-05-16 00:37:52,079 | WARNING | ai.pipeline | Sudden stop detected — track IDs: [36, 42, 43, 47, 52, 54, 55, 56]
2026-05-16 00:37:52,156 | WARNING | ai.pipeline | Sudden stop detected — track IDs: [36, 42, 43, 47, 52, 54, 55, 56]
2026-05-16 00:37:52,235 | WARNING | ai.pipeline | Sudden stop detected — track IDs: [36, 42, 43, 47, 52, 54, 55, 56]
2026-05-16 00:37:52,311 | WARNING | ai.pipeline | Sudden stop detected — track IDs: [36, 42, 43, 47, 52, 54, 55, 56]
2026-05-16 00:37:52,391 | WARNING | ai.pipeline | Sudden stop detected — track IDs: [36, 42, 43, 47, 52, 54, 55, 56]
2026-05-16 00:37:52,468 | WARNING | ai.pipeline | Sudden stop detected — track IDs: [36, 42, 43, 47, 52, 54, 55, 56]
2026-05-16 00:37:52,547 | WARNING | ai.pipeline | Sudden stop detected — track IDs: [36, 42, 43, 47, 52, 54, 55, 56]
2026-05-16 00:37:52,620 | WARNING | ai.pipeline | Sudden stop detected — track IDs: [36, 42, 43, 47, 52, 54, 55, 56]
2026-05-16 00:37:52,698 | WARNING | ai.pipeline | Sudden stop detected — track IDs: [36, 42, 43, 47, 52, 54, 55, 56]
2026-05-16 00:37:52,776 | WARNING | ai.pipeline | Sudden stop detected — track IDs: [36, 42, 43, 47, 52, 54, 55, 56]
2026-05-16 00:37:52,854 | WARNING | ai.pipeline | Sudden stop detected — track IDs: [36, 42, 43, 47, 52, 54, 55, 56]
2026-05-16 00:37:52,932 | WARNING | ai.pipeline | Sudden stop detected — track IDs: [42, 43, 47, 52, 54, 55, 56]
2026-05-16 00:37:53,011 | WARNING | ai.pipeline | Sudden stop detected — track IDs: [42, 43, 47, 52, 54, 55, 56]
2026-05-16 00:37:53,088 | WARNING | ai.pipeline | Sudden stop detected — track IDs: [42, 43, 47, 52, 54, 55, 56]
2026-05-16 00:37:53,163 | WARNING | ai.pipeline | Sudden stop detected — track IDs: [42, 43, 47, 52, 54, 55, 56]
2026-05-16 00:37:53,243 | WARNING | ai.pipeline | Sudden stop detected — track IDs: [42, 43, 47, 52, 54, 55, 56]
2026-05-16 00:37:53,320 | WARNING | ai.pipeline | Sudden stop detected — track IDs: [42, 43, 47, 52, 54, 55, 56]
2026-05-16 00:37:53,321 | INFO | ai.analytics.event_logger | Snapshot saved: outputs/snapshot_1778872073.json
2026-05-16 00:37:53,397 | WARNING | ai.pipeline | Sudden stop detected — track IDs: [42, 43, 47, 52, 54, 55, 56]
2026-05-16 00:37:53,475 | WARNING | ai.pipeline | Sudden stop detected — track IDs: [42, 43, 47, 52, 54, 55, 56]
2026-05-16 00:37:53,554 | WARNING | ai.pipeline | Sudden stop detected — track IDs: [42, 43, 47, 52, 54, 55, 56]
2026-05-16 00:37:53,630 | WARNING | ai.pipeline | Sudden stop detected — track IDs: [42, 43, 47, 52, 54, 55, 56, 60]
2026-05-16 00:37:53,707 | WARNING | ai.pipeline | Sudden stop detected — track IDs: [42, 43, 47, 52, 54, 55, 56, 60]
2026-05-16 00:37:53,785 | WARNING | ai.pipeline | Sudden stop detected — track IDs: [42, 43, 47, 52, 54, 55, 56, 60]
2026-05-16 00:37:53,864 | WARNING | ai.pipeline | Sudden stop detected — track IDs: [42, 43, 47, 52, 54, 55, 56, 60]
2026-05-16 00:37:53,945 | WARNING | ai.pipeline | Sudden stop detected — track IDs: [42, 43, 47, 52, 54, 55, 56, 60]
2026-05-16 00:37:54,026 | WARNING | ai.pipeline | Sudden stop detected — track IDs: [42, 43, 47, 52, 54, 55, 56, 60]
2026-05-16 00:37:54,100 | WARNING | ai.pipeline | Sudden stop detected — track IDs: [42, 43, 47, 52, 54, 55, 56, 60]
2026-05-16 00:37:54,171 | WARNING | ai.pipeline | Sudden stop detected — track IDs: [42, 43, 47, 52, 54, 56, 60]
2026-05-16 00:37:54,252 | WARNING | ai.pipeline | Sudden stop detected — track IDs: [42, 43, 47, 52, 54, 56, 60]
2026-05-16 00:37:54,326 | WARNING | ai.pipeline | Sudden stop detected — track IDs: [42, 43, 47, 52, 54, 56, 60]
2026-05-16 00:37:54,409 | WARNING | ai.pipeline | Sudden stop detected — track IDs: [42, 43, 47, 52, 54, 56, 60, 62]
2026-05-16 00:37:54,492 | WARNING | ai.pipeline | Sudden stop detected — track IDs: [42, 43, 47, 52, 54, 56, 60, 62, 63]
2026-05-16 00:37:54,568 | WARNING | ai.pipeline | Sudden stop detected — track IDs: [42, 43, 47, 52, 54, 56, 60, 63]
2026-05-16 00:37:54,649 | WARNING | ai.pipeline | Sudden stop detected — track IDs: [42, 43, 47, 52, 54, 56, 60, 63]
2026-05-16 00:37:54,727 | WARNING | ai.pipeline | Sudden stop detected — track IDs: [42, 43, 47, 52, 54, 56, 60, 63]
2026-05-16 00:37:54,800 | WARNING | ai.pipeline | Sudden stop detected — track IDs: [42, 43, 47, 52, 54, 56, 60, 63]
2026-05-16 00:37:54,885 | WARNING | ai.pipeline | Sudden stop detected — track IDs: [42, 43, 47, 52, 54, 56, 60, 63]
2026-05-16 00:37:54,976 | WARNING | ai.pipeline | Sudden stop detected — track IDs: [42, 43, 47, 52, 54, 56, 60, 63]
2026-05-16 00:37:55,070 | WARNING | ai.pipeline | Sudden stop detected — track IDs: [42, 43, 47, 52, 54, 56, 60, 62, 63, 65, 66]
2026-05-16 00:37:55,161 | WARNING | ai.pipeline | Sudden stop detected — track IDs: [42, 47, 52, 54, 56, 60, 62, 63, 65, 66]
2026-05-16 00:37:55,256 | WARNING | ai.pipeline | Sudden stop detected — track IDs: [42, 47, 52, 54, 56, 60, 62, 63, 65, 66]
2026-05-16 00:37:55,339 | WARNING | ai.pipeline | Sudden stop detected — track IDs: [42, 47, 52, 54, 56, 60, 62, 63, 65, 66, 67]
2026-05-16 00:37:55,412 | WARNING | ai.pipeline | Sudden stop detected — track IDs: [42, 47, 52, 54, 56, 60, 62, 63, 65, 66, 67]
2026-05-16 00:37:55,494 | WARNING | ai.pipeline | Sudden stop detected — track IDs: [42, 47, 52, 54, 56, 60, 62, 63, 65, 66, 67]
2026-05-16 00:37:55,569 | WARNING | ai.pipeline | Sudden stop detected — track IDs: [42, 47, 52, 54, 56, 60, 62, 63, 65, 66, 67]
2026-05-16 00:37:55,644 | WARNING | ai.pipeline | Sudden stop detected — track IDs: [42, 47, 52, 54, 56, 60, 62, 63, 65, 66, 67]
2026-05-16 00:37:55,724 | WARNING | ai.pipeline | Sudden stop detected — track IDs: [42, 47, 52, 54, 56, 60, 62, 63, 65, 66, 67, 68]
2026-05-16 00:37:55,800 | WARNING | ai.pipeline | Sudden stop detected — track IDs: [42, 47, 52, 54, 56, 60, 62, 63, 65, 66, 67, 68]
2026-05-16 00:37:55,876 | WARNING | ai.pipeline | Sudden stop detected — track IDs: [42, 47, 52, 54, 56, 60, 62, 63, 65, 66, 67, 68]
2026-05-16 00:37:55,951 | WARNING | ai.pipeline | Sudden stop detected — track IDs: [42, 47, 52, 54, 56, 60, 62, 63, 65, 66, 68]
2026-05-16 00:37:56,031 | WARNING | ai.pipeline | Sudden stop detected — track IDs: [42, 47, 52, 54, 56, 60, 62, 63, 65, 66, 67, 68]
2026-05-16 00:37:56,111 | WARNING | ai.pipeline | Sudden stop detected — track IDs: [42, 47, 52, 54, 56, 60, 62, 63, 65, 66, 67, 68]
2026-05-16 00:37:56,188 | WARNING | ai.pipeline | Sudden stop detected — track IDs: [42, 47, 52, 54, 56, 60, 62, 63, 65, 66, 68]
2026-05-16 00:37:56,265 | WARNING | ai.pipeline | Sudden stop detected — track IDs: [42, 47, 52, 54, 56, 60, 62, 63, 65, 66, 67, 68]
2026-05-16 00:37:56,344 | WARNING | ai.pipeline | Sudden stop detected — track IDs: [42, 47, 52, 54, 56, 60, 62, 63, 65, 66, 67, 68]
2026-05-16 00:37:56,421 | WARNING | ai.pipeline | Sudden stop detected — track IDs: [42, 47, 52, 54, 56, 60, 62, 63, 65, 66, 68]
2026-05-16 00:37:56,496 | WARNING | ai.pipeline | Sudden stop detected — track IDs: [42, 47, 52, 54, 56, 60, 62, 63, 65, 66, 67, 68]
2026-05-16 00:37:56,577 | WARNING | ai.pipeline | Sudden stop detected — track IDs: [42, 47, 52, 54, 56, 60, 62, 63, 65, 66, 67, 68]
2026-05-16 00:37:56,653 | WARNING | ai.pipeline | Sudden stop detected — track IDs: [42, 47, 52, 54, 56, 60, 62, 63, 65, 66, 67, 68]
2026-05-16 00:37:56,731 | WARNING | ai.pipeline | Sudden stop detected — track IDs: [42, 47, 52, 54, 56, 60, 62, 63, 65, 66, 67, 68]
2026-05-16 00:37:56,810 | WARNING | ai.pipeline | Sudden stop detected — track IDs: [42, 47, 52, 54, 56, 60, 62, 63, 65, 66, 67, 68]
2026-05-16 00:37:56,885 | WARNING | ai.pipeline | Sudden stop detected — track IDs: [42, 47, 52, 54, 56, 60, 62, 63, 65, 66, 67, 68]
2026-05-16 00:37:56,963 | WARNING | ai.pipeline | Sudden stop detected — track IDs: [47, 52, 54, 56, 62, 63, 65, 66, 67, 68]
2026-05-16 00:37:57,040 | WARNING | ai.pipeline | Sudden stop detected — track IDs: [52, 54, 56, 60, 62, 63, 65, 66, 67, 68]
2026-05-16 00:37:57,114 | WARNING | ai.pipeline | Sudden stop detected — track IDs: [52, 54, 56, 62, 63, 65, 66, 67, 68]
2026-05-16 00:37:57,193 | WARNING | ai.pipeline | Sudden stop detected — track IDs: [52, 54, 56, 62, 63, 65, 66, 67, 68]
2026-05-16 00:37:57,269 | WARNING | ai.pipeline | Sudden stop detected — track IDs: [52, 54, 56, 62, 63, 65, 66, 67, 68]
2026-05-16 00:37:57,349 | WARNING | ai.pipeline | Sudden stop detected — track IDs: [52, 54, 56, 62, 63, 65, 66, 67, 68]
2026-05-16 00:37:57,424 | WARNING | ai.pipeline | Sudden stop detected — track IDs: [52, 54, 56, 62, 63, 65, 66, 67, 68]
2026-05-16 00:37:57,503 | WARNING | ai.pipeline | Sudden stop detected — track IDs: [52, 54, 56, 62, 63, 65, 66, 67, 68]
2026-05-16 00:37:57,579 | WARNING | ai.pipeline | Sudden stop detected — track IDs: [52, 54, 56, 62, 63, 65, 67, 68]
2026-05-16 00:37:57,653 | WARNING | ai.pipeline | Sudden stop detected — track IDs: [52, 54, 56, 62, 63, 65, 67, 68]
2026-05-16 00:37:57,732 | WARNING | ai.pipeline | Sudden stop detected — track IDs: [52, 54, 56, 62, 63, 65, 67, 68]
2026-05-16 00:37:57,809 | WARNING | ai.pipeline | Sudden stop detected — track IDs: [52, 54, 56, 62, 63, 65, 67, 68]
2026-05-16 00:37:57,888 | WARNING | ai.pipeline | Sudden stop detected — track IDs: [52, 54, 56, 62, 63, 65, 67, 68]
2026-05-16 00:37:57,966 | WARNING | ai.pipeline | Sudden stop detected — track IDs: [52, 54, 56, 62, 63, 65, 67, 68]
2026-05-16 00:37:58,043 | WARNING | ai.pipeline | Sudden stop detected — track IDs: [52, 54, 56, 62, 63, 65, 67, 68]
2026-05-16 00:37:58,120 | WARNING | ai.pipeline | Sudden stop detected — track IDs: [52, 54, 56, 62, 63, 65, 67, 68]
2026-05-16 00:37:58,197 | WARNING | ai.pipeline | Sudden stop detected — track IDs: [52, 54, 56, 62, 63, 65, 67, 68]
2026-05-16 00:37:58,277 | WARNING | ai.pipeline | Sudden stop detected — track IDs: [52, 54, 56, 62, 63, 65, 67, 68]
2026-05-16 00:37:58,356 | WARNING | ai.pipeline | Sudden stop detected — track IDs: [52, 54, 56, 62, 63, 65, 67, 68]
2026-05-16 00:37:58,434 | WARNING | ai.pipeline | Sudden stop detected — track IDs: [52, 54, 56, 62, 63, 65, 67, 68]
2026-05-16 00:37:58,510 | WARNING | ai.pipeline | Sudden stop detected — track IDs: [52, 54, 56, 62, 63, 65, 67, 68]
2026-05-16 00:37:58,589 | WARNING | ai.pipeline | Sudden stop detected — track IDs: [52, 54, 56, 62, 63, 65, 67, 68]
2026-05-16 00:37:58,665 | WARNING | ai.pipeline | Sudden stop detected — track IDs: [52, 54, 56, 62, 63, 65, 67, 68]
2026-05-16 00:37:58,744 | WARNING | ai.pipeline | Sudden stop detected — track IDs: [52, 54, 56, 62, 63, 65, 67, 68]
2026-05-16 00:37:58,819 | WARNING | ai.pipeline | Sudden stop detected — track IDs: [52, 54, 56, 62, 63, 65, 67, 68]
2026-05-16 00:37:58,900 | WARNING | ai.pipeline | Sudden stop detected — track IDs: [52, 54, 56, 62, 63, 65, 67, 68, 77]
2026-05-16 00:37:58,975 | WARNING | ai.pipeline | Sudden stop detected — track IDs: [52, 54, 56, 62, 63, 65, 67, 68, 77]
2026-05-16 00:37:58,975 | WARNING | ai.pipeline | Wrong-way vehicle — track IDs: [52]
2026-05-16 00:37:59,053 | WARNING | ai.pipeline | Sudden stop detected — track IDs: [52, 54, 56, 62, 63, 65, 67, 68, 77]
2026-05-16 00:37:59,132 | WARNING | ai.pipeline | Sudden stop detected — track IDs: [52, 54, 56, 62, 63, 65, 67, 68, 77]
2026-05-16 00:37:59,208 | WARNING | ai.pipeline | Sudden stop detected — track IDs: [52, 54, 56, 62, 63, 65, 67, 68, 77]
2026-05-16 00:37:59,288 | WARNING | ai.pipeline | Sudden stop detected — track IDs: [52, 54, 56, 62, 63, 65, 67, 68, 77]
2026-05-16 00:37:59,362 | WARNING | ai.pipeline | Sudden stop detected — track IDs: [52, 54, 56, 62, 63, 65, 67, 68]
2026-05-16 00:37:59,440 | WARNING | ai.pipeline | Sudden stop detected — track IDs: [52, 54, 56, 62, 63, 65, 67, 68, 82]
2026-05-16 00:37:59,522 | WARNING | ai.pipeline | Sudden stop detected — track IDs: [52, 54, 56, 62, 63, 65, 67, 68, 82, 83]
2026-05-16 00:37:59,596 | WARNING | ai.pipeline | Sudden stop detected — track IDs: [52, 54, 56, 62, 63, 65, 67, 68, 82, 83]
2026-05-16 00:37:59,676 | WARNING | ai.pipeline | Sudden stop detected — track IDs: [52, 54, 56, 62, 63, 65, 67, 68, 82, 83]
2026-05-16 00:37:59,750 | WARNING | ai.pipeline | Sudden stop detected — track IDs: [52, 54, 56, 62, 63, 65, 67, 68, 82, 83]
2026-05-16 00:37:59,829 | WARNING | ai.pipeline | Sudden stop detected — track IDs: [52, 54, 56, 62, 63, 65, 67, 68, 82, 83, 85]
2026-05-16 00:37:59,907 | WARNING | ai.pipeline | Sudden stop detected — track IDs: [52, 54, 56, 62, 63, 65, 67, 68, 82, 83, 85]
2026-05-16 00:37:59,985 | WARNING | ai.pipeline | Sudden stop detected — track IDs: [52, 54, 56, 62, 63, 65, 67, 68, 82, 83, 85]
2026-05-16 00:38:00,066 | WARNING | ai.pipeline | Sudden stop detected — track IDs: [52, 54, 56, 62, 63, 65, 67, 68, 82, 83, 85, 86]
2026-05-16 00:38:00,140 | WARNING | ai.pipeline | Sudden stop detected — track IDs: [52, 54, 56, 62, 63, 65, 67, 68, 82, 83, 85, 86]
2026-05-16 00:38:00,216 | WARNING | ai.pipeline | Sudden stop detected — track IDs: [52, 54, 56, 62, 63, 65, 67, 68, 82, 83, 85, 86]
2026-05-16 00:38:00,294 | WARNING | ai.pipeline | Sudden stop detected — track IDs: [52, 54, 56, 62, 63, 65, 67, 68, 82, 83, 85, 86]
2026-05-16 00:38:00,372 | WARNING | ai.pipeline | Sudden stop detected — track IDs: [52, 54, 56, 62, 63, 65, 67, 68, 82, 83, 85]
2026-05-16 00:38:00,451 | WARNING | ai.pipeline | Sudden stop detected — track IDs: [52, 54, 56, 62, 63, 65, 67, 68, 82, 83, 85]
2026-05-16 00:38:00,531 | WARNING | ai.pipeline | Sudden stop detected — track IDs: [52, 54, 56, 62, 63, 65, 67, 68, 82, 83, 85]
2026-05-16 00:38:00,604 | WARNING | ai.pipeline | Sudden stop detected — track IDs: [52, 54, 56, 62, 63, 65, 67, 68, 82, 83, 85, 86]
2026-05-16 00:38:00,683 | WARNING | ai.pipeline | Sudden stop detected — track IDs: [52, 54, 56, 62, 63, 65, 67, 68, 82, 83, 85]
2026-05-16 00:38:00,761 | WARNING | ai.pipeline | Sudden stop detected — track IDs: [52, 54, 56, 62, 63, 65, 67, 68, 82, 83, 85]
2026-05-16 00:38:00,836 | WARNING | ai.pipeline | Sudden stop detected — track IDs: [52, 54, 56, 62, 63, 65, 67, 68, 82, 83, 85, 86]
2026-05-16 00:38:00,916 | WARNING | ai.pipeline | Sudden stop detected — track IDs: [52, 54, 56, 62, 63, 65, 67, 68, 82, 83, 85, 86]
2026-05-16 00:38:00,993 | WARNING | ai.pipeline | Sudden stop detected — track IDs: [52, 54, 56, 62, 63, 65, 67, 68, 82, 83, 85, 86]
2026-05-16 00:38:01,072 | WARNING | ai.pipeline | Sudden stop detected — track IDs: [52, 54, 56, 62, 63, 65, 67, 68, 82, 83, 85, 86]
2026-05-16 00:38:01,149 | WARNING | ai.pipeline | Sudden stop detected — track IDs: [52, 54, 56, 62, 63, 65, 67, 68, 82, 83, 85, 86]
2026-05-16 00:38:01,227 | WARNING | ai.pipeline | Sudden stop detected — track IDs: [52, 54, 56, 62, 63, 65, 67, 68, 82, 83, 85, 86]
2026-05-16 00:38:01,304 | WARNING | ai.pipeline | Sudden stop detected — track IDs: [52, 56, 62, 63, 65, 67, 68, 82, 83, 85, 86, 89]
2026-05-16 00:38:01,384 | WARNING | ai.pipeline | Sudden stop detected — track IDs: [52, 56, 62, 63, 65, 67, 68, 82, 83, 85, 86, 89]
2026-05-16 00:38:01,461 | WARNING | ai.pipeline | Sudden stop detected — track IDs: [52, 56, 62, 63, 65, 67, 68, 82, 83, 85, 86, 89]
2026-05-16 00:38:01,539 | WARNING | ai.pipeline | Sudden stop detected — track IDs: [52, 56, 62, 63, 65, 67, 68, 82, 83, 85, 86, 89]
2026-05-16 00:38:01,616 | WARNING | ai.pipeline | Sudden stop detected — track IDs: [56, 62, 63, 65, 67, 68, 82, 83, 85, 86, 89]
2026-05-16 00:38:01,695 | WARNING | ai.pipeline | Sudden stop detected — track IDs: [56, 62, 63, 65, 67, 68, 82, 83, 85, 86, 89]
2026-05-16 00:38:01,773 | WARNING | ai.pipeline | Sudden stop detected — track IDs: [56, 62, 63, 65, 67, 68, 82, 83, 85, 86, 89]
2026-05-16 00:38:01,849 | WARNING | ai.pipeline | Sudden stop detected — track IDs: [56, 62, 63, 65, 67, 68, 82, 83, 85, 86]
2026-05-16 00:38:01,926 | WARNING | ai.pipeline | Sudden stop detected — track IDs: [56, 62, 63, 67, 68, 82, 83, 85, 86]
2026-05-16 00:38:02,005 | WARNING | ai.pipeline | Sudden stop detected — track IDs: [56, 62, 63, 67, 68, 82, 83, 85, 86, 89]
2026-05-16 00:38:02,085 | WARNING | ai.pipeline | Sudden stop detected — track IDs: [56, 62, 63, 67, 68, 82, 83, 85, 86, 89]
2026-05-16 00:38:02,161 | WARNING | ai.pipeline | Sudden stop detected — track IDs: [56, 62, 63, 67, 68, 82, 83, 85, 86, 89]
2026-05-16 00:38:02,238 | WARNING | ai.pipeline | Sudden stop detected — track IDs: [56, 62, 63, 67, 68, 82, 83, 85, 86, 89]
2026-05-16 00:38:02,314 | WARNING | ai.pipeline | Sudden stop detected — track IDs: [56, 62, 63, 67, 68, 82, 83, 85, 86, 89]
2026-05-16 00:38:02,388 | WARNING | ai.pipeline | Sudden stop detected — track IDs: [56, 62, 63, 67, 68, 82, 83, 85, 86, 89]
2026-05-16 00:38:02,468 | WARNING | ai.pipeline | Sudden stop detected — track IDs: [56, 62, 63, 67, 68, 82, 83, 85, 86, 89]
2026-05-16 00:38:02,546 | WARNING | ai.pipeline | Sudden stop detected — track IDs: [62, 63, 67, 68, 82, 83, 85, 86, 89]
2026-05-16 00:38:02,622 | WARNING | ai.pipeline | Sudden stop detected — track IDs: [62, 63, 67, 68, 82, 83, 85, 86, 89, 92]
2026-05-16 00:38:02,700 | WARNING | ai.pipeline | Sudden stop detected — track IDs: [62, 63, 67, 68, 82, 83, 85, 86, 89, 92]
2026-05-16 00:38:02,774 | WARNING | ai.pipeline | Sudden stop detected — track IDs: [62, 67, 68, 82, 83, 85, 86, 89, 92]
2026-05-16 00:38:02,852 | WARNING | ai.pipeline | Sudden stop detected — track IDs: [62, 67, 82, 83, 85, 86, 89, 92]
2026-05-16 00:38:02,932 | WARNING | ai.pipeline | Sudden stop detected — track IDs: [62, 67, 82, 83, 85, 86, 89, 92]
2026-05-16 00:38:03,009 | WARNING | ai.pipeline | Sudden stop detected — track IDs: [62, 67, 82, 83, 85, 86, 89, 92]
2026-05-16 00:38:03,087 | WARNING | ai.pipeline | Sudden stop detected — track IDs: [62, 67, 82, 83, 85, 86, 89, 92]
2026-05-16 00:38:03,167 | WARNING | ai.pipeline | Sudden stop detected — track IDs: [62, 67, 83, 85, 86, 89, 92, 94]
2026-05-16 00:38:03,244 | WARNING | ai.pipeline | Sudden stop detected — track IDs: [62, 67, 83, 85, 86, 89, 92, 94]
2026-05-16 00:38:03,322 | WARNING | ai.pipeline | Sudden stop detected — track IDs: [62, 67, 82, 83, 85, 86, 89, 92, 94]
2026-05-16 00:38:03,323 | INFO | ai.analytics.event_logger | Snapshot saved: outputs/snapshot_1778872083.json
2026-05-16 00:38:03,399 | WARNING | ai.pipeline | Sudden stop detected — track IDs: [62, 67, 83, 85, 86, 89, 92, 94]
2026-05-16 00:38:03,473 | WARNING | ai.pipeline | Sudden stop detected — track IDs: [62, 67, 83, 85, 86, 89, 92, 94, 96]
2026-05-16 00:38:03,554 | WARNING | ai.pipeline | Sudden stop detected — track IDs: [62, 67, 83, 85, 86, 89, 92, 94, 96]
2026-05-16 00:38:03,629 | WARNING | ai.pipeline | Sudden stop detected — track IDs: [62, 67, 83, 85, 86, 89, 92, 94, 96]
2026-05-16 00:38:03,709 | WARNING | ai.pipeline | Sudden stop detected — track IDs: [62, 67, 83, 85, 86, 89, 92, 94, 96]
2026-05-16 00:38:03,786 | WARNING | ai.pipeline | Sudden stop detected — track IDs: [62, 67, 83, 85, 86, 89, 92, 94, 96]
2026-05-16 00:38:03,865 | WARNING | ai.pipeline | Sudden stop detected — track IDs: [62, 67, 83, 85, 86, 89, 92, 94, 96]
2026-05-16 00:38:03,944 | WARNING | ai.pipeline | Sudden stop detected — track IDs: [62, 67, 83, 85, 86, 89, 92, 94, 96]
2026-05-16 00:38:04,022 | WARNING | ai.pipeline | Sudden stop detected — track IDs: [62, 67, 83, 85, 86, 89, 92, 94, 96]
2026-05-16 00:38:04,102 | WARNING | ai.pipeline | Sudden stop detected — track IDs: [62, 67, 83, 85, 86, 89, 92, 94, 96]
2026-05-16 00:38:04,174 | WARNING | ai.pipeline | Sudden stop detected — track IDs: [62, 67, 83, 85, 86, 89, 92, 94, 96]
2026-05-16 00:38:04,252 | WARNING | ai.pipeline | Sudden stop detected — track IDs: [62, 67, 83, 85, 86, 89, 92, 94, 96]
2026-05-16 00:38:04,335 | WARNING | ai.pipeline | Sudden stop detected — track IDs: [62, 67, 83, 85, 86, 89, 92, 94, 96]
2026-05-16 00:38:04,402 | WARNING | ai.pipeline | Sudden stop detected — track IDs: [62, 67, 83, 85, 86, 89, 92, 94, 96]
2026-05-16 00:38:04,490 | WARNING | ai.pipeline | Sudden stop detected — track IDs: [62, 67, 83, 85, 86, 89, 92, 94, 96]
2026-05-16 00:38:04,564 | WARNING | ai.pipeline | Sudden stop detected — track IDs: [62, 67, 83, 85, 86, 89, 92, 94, 96]
2026-05-16 00:38:04,647 | WARNING | ai.pipeline | Sudden stop detected — track IDs: [62, 67, 83, 85, 86, 89, 92, 94, 96]
2026-05-16 00:38:04,738 | WARNING | ai.pipeline | Sudden stop detected — track IDs: [62, 67, 83, 85, 86, 89, 92, 94, 96]
2026-05-16 00:38:04,815 | WARNING | ai.pipeline | Sudden stop detected — track IDs: [62, 67, 83, 85, 86, 89, 92, 94, 96]
2026-05-16 00:38:04,892 | WARNING | ai.pipeline | Sudden stop detected — track IDs: [67, 83, 85, 86, 89, 92, 94, 96]
2026-05-16 00:38:04,967 | WARNING | ai.pipeline | Sudden stop detected — track IDs: [67, 83, 85, 86, 89, 92, 94, 96]
2026-05-16 00:38:05,045 | WARNING | ai.pipeline | Sudden stop detected — track IDs: [67, 83, 85, 86, 89, 92, 94, 96]
2026-05-16 00:38:05,122 | WARNING | ai.pipeline | Sudden stop detected — track IDs: [83, 85, 86, 89, 92, 94, 96]
2026-05-16 00:38:05,201 | WARNING | ai.pipeline | Sudden stop detected — track IDs: [83, 85, 86, 89, 92, 94, 96]
2026-05-16 00:38:05,280 | WARNING | ai.pipeline | Sudden stop detected — track IDs: [83, 85, 86, 89, 92, 94, 96]
2026-05-16 00:38:05,350 | WARNING | ai.pipeline | Sudden stop detected — track IDs: [83, 85, 86, 89, 92, 96]
2026-05-16 00:38:05,429 | WARNING | ai.pipeline | Sudden stop detected — track IDs: [83, 85, 86, 89, 92, 94, 96]
2026-05-16 00:38:05,505 | WARNING | ai.pipeline | Sudden stop detected — track IDs: [83, 85, 86, 89, 96, 98]
2026-05-16 00:38:05,585 | WARNING | ai.pipeline | Sudden stop detected — track IDs: [83, 85, 86, 89, 92, 96, 98]
2026-05-16 00:38:05,662 | WARNING | ai.pipeline | Sudden stop detected — track IDs: [83, 85, 86, 89, 92, 96, 98]
2026-05-16 00:38:05,740 | WARNING | ai.pipeline | Sudden stop detected — track IDs: [83, 85, 86, 89, 92, 96, 98]
2026-05-16 00:38:05,819 | WARNING | ai.pipeline | Sudden stop detected — track IDs: [83, 85, 86, 89, 96, 98]
2026-05-16 00:38:05,896 | WARNING | ai.pipeline | Sudden stop detected — track IDs: [83, 85, 86, 89, 92, 96, 98]
2026-05-16 00:38:05,974 | WARNING | ai.pipeline | Sudden stop detected — track IDs: [83, 85, 86, 89, 96]
2026-05-16 00:38:06,051 | WARNING | ai.pipeline | Sudden stop detected — track IDs: [83, 85, 86, 89, 96, 98]
2026-05-16 00:38:06,127 | WARNING | ai.pipeline | Sudden stop detected — track IDs: [83, 85, 86, 89, 96, 98]
2026-05-16 00:38:06,205 | WARNING | ai.pipeline | Sudden stop detected — track IDs: [83, 85, 86, 89, 96, 98]
2026-05-16 00:38:06,283 | WARNING | ai.pipeline | Sudden stop detected — track IDs: [83, 85, 86, 89, 96, 98]
2026-05-16 00:38:06,359 | WARNING | ai.pipeline | Sudden stop detected — track IDs: [83, 85, 86, 89, 96, 98, 101]
2026-05-16 00:38:06,439 | WARNING | ai.pipeline | Sudden stop detected — track IDs: [83, 85, 86, 89, 96, 98, 101]
2026-05-16 00:38:06,518 | WARNING | ai.pipeline | Sudden stop detected — track IDs: [83, 85, 86, 89, 96, 98, 101]
2026-05-16 00:38:06,591 | WARNING | ai.pipeline | Sudden stop detected — track IDs: [83, 85, 86, 89, 96, 98]
2026-05-16 00:38:06,671 | WARNING | ai.pipeline | Sudden stop detected — track IDs: [83, 85, 86, 89, 96, 98]
2026-05-16 00:38:06,751 | WARNING | ai.pipeline | Sudden stop detected — track IDs: [83, 85, 86, 89, 96, 98, 102]
2026-05-16 00:38:06,828 | WARNING | ai.pipeline | Sudden stop detected — track IDs: [83, 85, 86, 89, 96, 98, 102]
2026-05-16 00:38:06,909 | WARNING | ai.pipeline | Sudden stop detected — track IDs: [83, 85, 86, 89, 96, 98, 101, 102]
2026-05-16 00:38:06,988 | WARNING | ai.pipeline | Sudden stop detected — track IDs: [83, 85, 86, 89, 96, 98, 102]
2026-05-16 00:38:07,061 | WARNING | ai.pipeline | Sudden stop detected — track IDs: [83, 85, 86, 89, 96, 98, 102]
2026-05-16 00:38:07,141 | WARNING | ai.pipeline | Sudden stop detected — track IDs: [83, 85, 86, 89, 96, 98, 102]
2026-05-16 00:38:07,217 | WARNING | ai.pipeline | Sudden stop detected — track IDs: [83, 85, 86, 89, 96, 98, 101, 102]
2026-05-16 00:38:07,297 | WARNING | ai.pipeline | Sudden stop detected — track IDs: [83, 85, 86, 89, 96, 98, 101, 102]
2026-05-16 00:38:07,371 | WARNING | ai.pipeline | Sudden stop detected — track IDs: [83, 85, 86, 89, 96, 98, 101, 102]
2026-05-16 00:38:07,450 | WARNING | ai.pipeline | Sudden stop detected — track IDs: [83, 85, 86, 89, 96, 98, 101, 102]
2026-05-16 00:38:07,526 | WARNING | ai.pipeline | Sudden stop detected — track IDs: [83, 85, 86, 89, 96, 98, 101, 102]
2026-05-16 00:38:07,604 | WARNING | ai.pipeline | Sudden stop detected — track IDs: [83, 85, 86, 89, 96, 98, 101, 102]
2026-05-16 00:38:07,684 | WARNING | ai.pipeline | Sudden stop detected — track IDs: [83, 85, 86, 89, 96, 98, 101, 102]
2026-05-16 00:38:07,760 | WARNING | ai.pipeline | Sudden stop detected — track IDs: [83, 85, 86, 89, 96, 98, 101, 102]
2026-05-16 00:38:07,836 | WARNING | ai.pipeline | Sudden stop detected — track IDs: [83, 85, 86, 89, 96, 98, 101, 102]
2026-05-16 00:38:07,917 | WARNING | ai.pipeline | Sudden stop detected — track IDs: [83, 85, 86, 89, 96, 98, 101, 102]
2026-05-16 00:38:07,992 | WARNING | ai.pipeline | Sudden stop detected — track IDs: [83, 85, 86, 89, 98, 101, 102]
2026-05-16 00:38:08,069 | WARNING | ai.pipeline | Sudden stop detected — track IDs: [83, 85, 86, 89, 98, 101, 102]
2026-05-16 00:38:08,146 | WARNING | ai.pipeline | Sudden stop detected — track IDs: [83, 85, 86, 89, 98, 101, 102]
2026-05-16 00:38:08,226 | WARNING | ai.pipeline | Sudden stop detected — track IDs: [83, 85, 86, 89, 98, 101, 102]
2026-05-16 00:38:08,304 | WARNING | ai.pipeline | Sudden stop detected — track IDs: [83, 85, 86, 89, 98, 101, 102]
2026-05-16 00:38:08,381 | WARNING | ai.pipeline | Sudden stop detected — track IDs: [83, 85, 86, 89, 98, 101, 102]
2026-05-16 00:38:08,459 | WARNING | ai.pipeline | Sudden stop detected — track IDs: [83, 85, 86, 89, 98, 101, 102]
2026-05-16 00:38:08,536 | WARNING | ai.pipeline | Sudden stop detected — track IDs: [83, 85, 86, 89, 98, 101, 102]
2026-05-16 00:38:08,613 | WARNING | ai.pipeline | Sudden stop detected — track IDs: [83, 85, 86, 89, 98, 101, 102]
2026-05-16 00:38:08,690 | WARNING | ai.pipeline | Sudden stop detected — track IDs: [83, 85, 86, 89, 98, 101, 102]
2026-05-16 00:38:08,768 | WARNING | ai.pipeline | Sudden stop detected — track IDs: [83, 85, 86, 89, 98, 101, 102]
2026-05-16 00:38:08,847 | WARNING | ai.pipeline | Sudden stop detected — track IDs: [83, 85, 86, 89, 98, 101, 102]
2026-05-16 00:38:08,920 | WARNING | ai.pipeline | Sudden stop detected — track IDs: [83, 85, 86, 89, 98, 101, 102]
2026-05-16 00:38:09,007 | WARNING | ai.pipeline | Sudden stop detected — track IDs: [83, 85, 86, 89, 98, 101, 102]
2026-05-16 00:38:09,080 | WARNING | ai.pipeline | Sudden stop detected — track IDs: [83, 86, 89, 98, 101, 102, 104]
2026-05-16 00:38:09,155 | WARNING | ai.pipeline | Sudden stop detected — track IDs: [83, 86, 89, 98, 101, 102, 104]
2026-05-16 00:38:09,232 | WARNING | ai.pipeline | Sudden stop detected — track IDs: [83, 86, 89, 98, 101, 102, 104, 105]
2026-05-16 00:38:09,310 | WARNING | ai.pipeline | Sudden stop detected — track IDs: [83, 86, 89, 98, 101, 102, 104, 105]
2026-05-16 00:38:09,390 | WARNING | ai.pipeline | Sudden stop detected — track IDs: [83, 86, 89, 98, 101, 102, 104, 105, 106]
2026-05-16 00:38:09,469 | WARNING | ai.pipeline | Sudden stop detected — track IDs: [83, 86, 89, 98, 101, 102, 104, 105, 106]
2026-05-16 00:38:09,546 | WARNING | ai.pipeline | Sudden stop detected — track IDs: [83, 86, 89, 98, 101, 102, 104, 105, 106]
2026-05-16 00:38:09,621 | WARNING | ai.pipeline | Sudden stop detected — track IDs: [86, 89, 98, 101, 102, 104, 105, 106]
2026-05-16 00:38:09,699 | WARNING | ai.pipeline | Sudden stop detected — track IDs: [86, 89, 98, 101, 102, 104, 105, 106]
2026-05-16 00:38:09,776 | WARNING | ai.pipeline | Sudden stop detected — track IDs: [86, 89, 98, 101, 102, 104, 105, 106]
2026-05-16 00:38:09,856 | WARNING | ai.pipeline | Sudden stop detected — track IDs: [86, 89, 98, 101, 102, 104, 105, 106]
2026-05-16 00:38:09,931 | WARNING | ai.pipeline | Sudden stop detected — track IDs: [86, 89, 98, 101, 102, 104, 105, 106, 108, 110]
2026-05-16 00:38:10,007 | WARNING | ai.pipeline | Sudden stop detected — track IDs: [86, 89, 98, 101, 102, 104, 105, 106, 108, 109, 110]
2026-05-16 00:38:10,086 | WARNING | ai.pipeline | Sudden stop detected — track IDs: [86, 89, 98, 101, 102, 104, 105, 106, 108, 110]
2026-05-16 00:38:10,163 | WARNING | ai.pipeline | Sudden stop detected — track IDs: [86, 89, 98, 101, 102, 104, 105, 106, 108]
2026-05-16 00:38:10,241 | WARNING | ai.pipeline | Sudden stop detected — track IDs: [86, 89, 98, 101, 102, 104, 105, 106, 108, 110]
2026-05-16 00:38:10,319 | WARNING | ai.pipeline | Sudden stop detected — track IDs: [86, 89, 98, 101, 102, 104, 105, 106, 108, 109, 110]
2026-05-16 00:38:10,397 | WARNING | ai.pipeline | Sudden stop detected — track IDs: [86, 89, 98, 101, 102, 104, 105, 106, 108, 110, 111]
2026-05-16 00:38:10,476 | WARNING | ai.pipeline | Sudden stop detected — track IDs: [86, 89, 98, 101, 102, 104, 105, 108, 109, 110, 111]
2026-05-16 00:38:10,554 | WARNING | ai.pipeline | Sudden stop detected — track IDs: [86, 89, 98, 101, 102, 104, 105, 106, 108, 109, 110, 111]
2026-05-16 00:38:10,628 | WARNING | ai.pipeline | Sudden stop detected — track IDs: [86, 89, 98, 101, 104, 105, 108, 110, 111]
2026-05-16 00:38:10,707 | WARNING | ai.pipeline | Sudden stop detected — track IDs: [86, 89, 98, 101, 102, 104, 105, 108, 109, 110, 111]
2026-05-16 00:38:10,785 | WARNING | ai.pipeline | Sudden stop detected — track IDs: [86, 89, 98, 101, 104, 105, 108, 109, 110, 111]
2026-05-16 00:38:10,866 | WARNING | ai.pipeline | Sudden stop detected — track IDs: [86, 89, 98, 101, 104, 105, 108, 109, 110, 111]
2026-05-16 00:38:10,941 | WARNING | ai.pipeline | Sudden stop detected — track IDs: [86, 89, 98, 101, 104, 105, 108, 109, 110, 111]
2026-05-16 00:38:11,018 | WARNING | ai.pipeline | Sudden stop detected — track IDs: [86, 89, 98, 101, 104, 105, 108, 109, 110, 111, 114]
2026-05-16 00:38:11,096 | WARNING | ai.pipeline | Sudden stop detected — track IDs: [86, 89, 98, 101, 104, 105, 108, 109, 110, 111, 114]
2026-05-16 00:38:11,173 | WARNING | ai.pipeline | Sudden stop detected — track IDs: [86, 89, 98, 101, 104, 105, 108, 109, 110, 111, 114]
2026-05-16 00:38:11,250 | WARNING | ai.pipeline | Sudden stop detected — track IDs: [86, 89, 98, 101, 104, 105, 108, 109, 110, 111, 114]
2026-05-16 00:38:11,329 | WARNING | ai.pipeline | Sudden stop detected — track IDs: [86, 89, 98, 101, 104, 105, 108, 109, 110, 111, 114]
2026-05-16 00:38:11,405 | WARNING | ai.pipeline | Sudden stop detected — track IDs: [86, 89, 98, 101, 104, 105, 108, 109, 110, 111, 114]
2026-05-16 00:38:11,485 | WARNING | ai.pipeline | Sudden stop detected — track IDs: [86, 89, 98, 101, 104, 105, 108, 109, 110, 111, 114]
2026-05-16 00:38:11,561 | WARNING | ai.pipeline | Sudden stop detected — track IDs: [86, 89, 98, 101, 104, 105, 108, 109, 110, 111, 114]
2026-05-16 00:38:11,638 | WARNING | ai.pipeline | Sudden stop detected — track IDs: [86, 89, 98, 101, 104, 105, 108, 109, 110, 111, 114]
2026-05-16 00:38:11,718 | WARNING | ai.pipeline | Sudden stop detected — track IDs: [86, 89, 98, 101, 104, 105, 108, 109, 110, 111, 114]
2026-05-16 00:38:11,793 | WARNING | ai.pipeline | Sudden stop detected — track IDs: [86, 89, 98, 101, 104, 105, 108, 109, 110, 111, 114]
2026-05-16 00:38:11,874 | WARNING | ai.pipeline | Sudden stop detected — track IDs: [86, 89, 98, 101, 104, 108, 109, 110, 111, 114]
2026-05-16 00:38:11,951 | WARNING | ai.pipeline | Sudden stop detected — track IDs: [86, 89, 98, 101, 104, 108, 109, 110, 111, 114]
2026-05-16 00:38:12,028 | WARNING | ai.pipeline | Sudden stop detected — track IDs: [86, 89, 98, 101, 104, 108, 109, 110, 111, 114]
2026-05-16 00:38:12,107 | WARNING | ai.pipeline | Sudden stop detected — track IDs: [86, 89, 98, 101, 104, 108, 109, 110, 111, 114]
2026-05-16 00:38:12,182 | WARNING | ai.pipeline | Sudden stop detected — track IDs: [86, 89, 98, 101, 104, 108, 109, 110, 111, 114]
2026-05-16 00:38:12,258 | WARNING | ai.pipeline | Sudden stop detected — track IDs: [86, 89, 98, 101, 104, 108, 109, 110, 114]
2026-05-16 00:38:12,338 | WARNING | ai.pipeline | Sudden stop detected — track IDs: [86, 89, 98, 101, 104, 108, 109, 110, 111, 114]
2026-05-16 00:38:12,417 | WARNING | ai.pipeline | Sudden stop detected — track IDs: [86, 89, 98, 101, 104, 108, 109, 110, 114]
2026-05-16 00:38:12,495 | WARNING | ai.pipeline | Sudden stop detected — track IDs: [86, 89, 98, 101, 108, 109, 110, 114]
2026-05-16 00:38:12,573 | WARNING | ai.pipeline | Sudden stop detected — track IDs: [89, 98, 101, 104, 108, 109, 110, 114]
2026-05-16 00:38:12,650 | WARNING | ai.pipeline | Sudden stop detected — track IDs: [89, 98, 101, 108, 109, 110, 114]
2026-05-16 00:38:12,725 | WARNING | ai.pipeline | Sudden stop detected — track IDs: [89, 98, 101, 108, 109, 110, 114]
2026-05-16 00:38:12,804 | WARNING | ai.pipeline | Sudden stop detected — track IDs: [89, 98, 101, 108, 109, 110, 114, 123]
2026-05-16 00:38:12,879 | WARNING | ai.pipeline | Sudden stop detected — track IDs: [89, 98, 101, 108, 109, 110, 114]
2026-05-16 00:38:12,960 | WARNING | ai.pipeline | Sudden stop detected — track IDs: [89, 98, 101, 108, 109, 110, 114, 118]
2026-05-16 00:38:13,040 | WARNING | ai.pipeline | Sudden stop detected — track IDs: [89, 98, 101, 109, 110, 114, 118]
2026-05-16 00:38:13,113 | WARNING | ai.pipeline | Sudden stop detected — track IDs: [89, 98, 101, 109, 110, 114, 118]
2026-05-16 00:38:13,193 | WARNING | ai.pipeline | Sudden stop detected — track IDs: [89, 98, 101, 109, 110, 114, 118]
2026-05-16 00:38:13,271 | WARNING | ai.pipeline | Sudden stop detected — track IDs: [89, 98, 101, 109, 110, 114, 118]
2026-05-16 00:38:13,349 | WARNING | ai.pipeline | Sudden stop detected — track IDs: [89, 98, 101, 109, 110, 114, 118, 123]
2026-05-16 00:38:13,350 | INFO | ai.analytics.event_logger | Snapshot saved: outputs/snapshot_1778872093.json
2026-05-16 00:38:13,424 | WARNING | ai.pipeline | Sudden stop detected — track IDs: [89, 98, 101, 109, 110, 114, 118]
2026-05-16 00:38:13,506 | WARNING | ai.pipeline | Sudden stop detected — track IDs: [89, 98, 101, 109, 110, 114, 118, 123]
2026-05-16 00:38:13,580 | WARNING | ai.pipeline | Sudden stop detected — track IDs: [89, 98, 101, 109, 110, 114, 118, 123]
2026-05-16 00:38:13,659 | WARNING | ai.pipeline | Sudden stop detected — track IDs: [89, 98, 101, 109, 110, 114, 118, 123, 124, 125]
2026-05-16 00:38:13,737 | WARNING | ai.pipeline | Sudden stop detected — track IDs: [89, 98, 101, 109, 110, 114, 118, 123, 124, 125]
2026-05-16 00:38:13,813 | WARNING | ai.pipeline | Sudden stop detected — track IDs: [89, 98, 101, 109, 110, 114, 118, 123, 124, 125]
2026-05-16 00:38:13,890 | WARNING | ai.pipeline | Sudden stop detected — track IDs: [89, 98, 101, 109, 110, 114, 118, 123, 124, 125]
2026-05-16 00:38:13,969 | WARNING | ai.pipeline | Sudden stop detected — track IDs: [89, 98, 101, 109, 110, 114, 118, 123, 124, 125]
2026-05-16 00:38:14,051 | WARNING | ai.pipeline | Sudden stop detected — track IDs: [89, 98, 101, 109, 110, 114, 118, 123, 124, 125]
2026-05-16 00:38:14,126 | WARNING | ai.pipeline | Sudden stop detected — track IDs: [89, 98, 101, 109, 110, 114, 118, 123, 124, 125]
2026-05-16 00:38:14,202 | WARNING | ai.pipeline | Sudden stop detected — track IDs: [89, 98, 101, 109, 110, 114, 118, 123, 124, 125]
2026-05-16 00:38:14,281 | WARNING | ai.pipeline | Sudden stop detected — track IDs: [89, 98, 101, 109, 110, 114, 118, 123, 124, 125, 127]
2026-05-16 00:38:14,356 | WARNING | ai.pipeline | Sudden stop detected — track IDs: [89, 98, 101, 109, 110, 114, 118, 123, 124, 125, 127]
2026-05-16 00:38:14,434 | WARNING | ai.pipeline | Sudden stop detected — track IDs: [89, 98, 101, 109, 110, 114, 118, 123, 124, 127]
2026-05-16 00:38:14,519 | WARNING | ai.pipeline | Sudden stop detected — track IDs: [89, 98, 101, 109, 110, 114, 118, 123, 124, 125, 127, 129]
2026-05-16 00:38:14,598 | WARNING | ai.pipeline | Sudden stop detected — track IDs: [89, 98, 101, 109, 110, 114, 118, 123, 124, 125, 127, 129]
2026-05-16 00:38:14,676 | WARNING | ai.pipeline | Sudden stop detected — track IDs: [89, 98, 101, 109, 110, 114, 118, 123, 124, 125, 127, 129]
2026-05-16 00:38:14,750 | WARNING | ai.pipeline | Sudden stop detected — track IDs: [89, 98, 101, 109, 110, 118, 123, 124, 125, 127, 129]
2026-05-16 00:38:14,830 | WARNING | ai.pipeline | Sudden stop detected — track IDs: [98, 101, 109, 110, 114, 118, 123, 124, 125, 127, 129]
2026-05-16 00:38:14,909 | WARNING | ai.pipeline | Sudden stop detected — track IDs: [98, 101, 109, 110, 114, 118, 123, 124, 125, 127, 129]
2026-05-16 00:38:15,000 | WARNING | ai.pipeline | Sudden stop detected — track IDs: [98, 101, 109, 110, 114, 118, 123, 124, 125, 127, 129]
2026-05-16 00:38:15,077 | WARNING | ai.pipeline | Sudden stop detected — track IDs: [98, 101, 109, 110, 114, 118, 123, 124, 125, 127, 129]
2026-05-16 00:38:15,156 | WARNING | ai.pipeline | Sudden stop detected — track IDs: [98, 101, 109, 110, 118, 123, 124, 125, 127, 129]
2026-05-16 00:38:15,244 | WARNING | ai.pipeline | Sudden stop detected — track IDs: [98, 101, 109, 110, 118, 123, 124, 125, 127, 129]
2026-05-16 00:38:15,319 | WARNING | ai.pipeline | Sudden stop detected — track IDs: [98, 101, 109, 110, 118, 123, 124, 125, 127, 129]
2026-05-16 00:38:15,395 | WARNING | ai.pipeline | Sudden stop detected — track IDs: [98, 101, 109, 110, 118, 123, 124, 125, 127, 129]
2026-05-16 00:38:15,473 | WARNING | ai.pipeline | Sudden stop detected — track IDs: [98, 101, 109, 110, 118, 123, 124, 125, 127, 129]
2026-05-16 00:38:15,551 | WARNING | ai.pipeline | Sudden stop detected — track IDs: [98, 101, 109, 110, 118, 123, 124, 125, 127, 129]
2026-05-16 00:38:15,628 | WARNING | ai.pipeline | Sudden stop detected — track IDs: [98, 101, 109, 110, 118, 123, 124, 125, 127, 129]
2026-05-16 00:38:15,703 | WARNING | ai.pipeline | Sudden stop detected — track IDs: [98, 101, 109, 110, 118, 123, 124, 125, 127, 129]
2026-05-16 00:38:15,782 | WARNING | ai.pipeline | Sudden stop detected — track IDs: [98, 101, 109, 110, 118, 123, 124, 125, 127, 129]
2026-05-16 00:38:15,859 | WARNING | ai.pipeline | Sudden stop detected — track IDs: [98, 101, 109, 110, 118, 123, 124, 125, 127, 129]
2026-05-16 00:38:15,936 | WARNING | ai.pipeline | Sudden stop detected — track IDs: [98, 101, 109, 110, 118, 123, 124, 125, 129]
2026-05-16 00:38:16,012 | WARNING | ai.pipeline | Sudden stop detected — track IDs: [98, 101, 109, 110, 118, 123, 124, 125, 129, 131]
2026-05-16 00:38:16,088 | WARNING | ai.pipeline | Sudden stop detected — track IDs: [98, 101, 109, 110, 118, 123, 124, 125, 129, 131]
2026-05-16 00:38:16,164 | WARNING | ai.pipeline | Sudden stop detected — track IDs: [98, 101, 109, 110, 118, 123, 124, 125, 129, 131]
2026-05-16 00:38:16,244 | WARNING | ai.pipeline | Sudden stop detected — track IDs: [98, 101, 109, 110, 118, 123, 124, 125, 129, 131]
2026-05-16 00:38:16,322 | WARNING | ai.pipeline | Sudden stop detected — track IDs: [98, 101, 109, 110, 118, 123, 124, 125, 129, 131]
2026-05-16 00:38:16,403 | WARNING | ai.pipeline | Sudden stop detected — track IDs: [98, 101, 109, 110, 118, 123, 124, 125, 129, 131]
2026-05-16 00:38:16,478 | WARNING | ai.pipeline | Sudden stop detected — track IDs: [98, 101, 109, 110, 118, 123, 124, 125, 129, 131]
2026-05-16 00:38:16,555 | WARNING | ai.pipeline | Sudden stop detected — track IDs: [98, 101, 109, 110, 118, 123, 124, 125, 129, 131]
2026-05-16 00:38:16,632 | WARNING | ai.pipeline | Sudden stop detected — track IDs: [98, 101, 109, 110, 118, 123, 124, 125, 129, 131]
2026-05-16 00:38:16,709 | WARNING | ai.pipeline | Sudden stop detected — track IDs: [98, 101, 109, 110, 118, 123, 124, 125, 129, 131]
2026-05-16 00:38:16,786 | WARNING | ai.pipeline | Sudden stop detected — track IDs: [98, 101, 109, 110, 118, 123, 124, 125, 129, 131]
2026-05-16 00:38:16,863 | WARNING | ai.pipeline | Sudden stop detected — track IDs: [98, 101, 109, 110, 118, 123, 125, 129, 131]
2026-05-16 00:38:16,944 | WARNING | ai.pipeline | Sudden stop detected — track IDs: [98, 101, 109, 110, 118, 123, 125, 129, 131]
2026-05-16 00:38:17,020 | WARNING | ai.pipeline | Sudden stop detected — track IDs: [98, 101, 109, 110, 118, 123, 125, 129, 131]
2026-05-16 00:38:17,098 | WARNING | ai.pipeline | Sudden stop detected — track IDs: [98, 101, 109, 110, 118, 123, 125, 129, 131, 135, 136]
2026-05-16 00:38:17,175 | WARNING | ai.pipeline | Sudden stop detected — track IDs: [98, 101, 109, 110, 118, 123, 125, 129, 131, 135, 136]
2026-05-16 00:38:17,249 | WARNING | ai.pipeline | Sudden stop detected — track IDs: [98, 101, 109, 110, 118, 123, 125, 129, 131, 135, 136]
2026-05-16 00:38:17,334 | WARNING | ai.pipeline | Sudden stop detected — track IDs: [98, 109, 110, 118, 123, 125, 129, 131, 135, 136]
2026-05-16 00:38:17,408 | WARNING | ai.pipeline | Sudden stop detected — track IDs: [98, 109, 110, 118, 123, 125, 129, 131, 135]
2026-05-16 00:38:17,484 | WARNING | ai.pipeline | Sudden stop detected — track IDs: [98, 109, 110, 118, 123, 125, 129, 131, 135]
2026-05-16 00:38:17,559 | WARNING | ai.pipeline | Sudden stop detected — track IDs: [98, 109, 110, 118, 123, 125, 129, 131, 135]
2026-05-16 00:38:17,637 | WARNING | ai.pipeline | Sudden stop detected — track IDs: [98, 109, 110, 118, 123, 125, 129, 131, 135, 136, 137]
2026-05-16 00:38:17,723 | WARNING | ai.pipeline | Sudden stop detected — track IDs: [98, 109, 110, 118, 123, 125, 129, 131, 135, 136, 137]
2026-05-16 00:38:17,796 | WARNING | ai.pipeline | Sudden stop detected — track IDs: [98, 109, 110, 118, 123, 125, 129, 131, 135, 137]
2026-05-16 00:38:17,872 | WARNING | ai.pipeline | Sudden stop detected — track IDs: [98, 109, 110, 118, 123, 125, 129, 131, 135, 137]
2026-05-16 00:38:17,945 | WARNING | ai.pipeline | Sudden stop detected — track IDs: [98, 109, 110, 118, 123, 125, 129, 131, 135, 136, 137]
2026-05-16 00:38:18,024 | WARNING | ai.pipeline | Sudden stop detected — track IDs: [98, 109, 110, 118, 123, 125, 129, 131, 135, 136, 137]
2026-05-16 00:38:18,025 | WARNING | ai.pipeline | Wrong-way vehicle — track IDs: [110]
2026-05-16 00:38:18,102 | WARNING | ai.pipeline | Sudden stop detected — track IDs: [98, 109, 110, 118, 123, 125, 129, 131, 135, 136, 137]
2026-05-16 00:38:18,177 | WARNING | ai.pipeline | Sudden stop detected — track IDs: [98, 109, 110, 118, 123, 125, 129, 131, 135, 136, 137]
2026-05-16 00:38:18,256 | WARNING | ai.pipeline | Sudden stop detected — track IDs: [98, 109, 110, 118, 123, 125, 129, 131, 135, 136, 137]
2026-05-16 00:38:18,337 | WARNING | ai.pipeline | Sudden stop detected — track IDs: [98, 109, 110, 118, 123, 125, 129, 131, 135, 136, 137]
2026-05-16 00:38:18,412 | WARNING | ai.pipeline | Sudden stop detected — track IDs: [98, 109, 110, 118, 123, 125, 129, 131, 135, 136, 137]
2026-05-16 00:38:18,494 | WARNING | ai.pipeline | Sudden stop detected — track IDs: [98, 109, 110, 118, 123, 125, 129, 131, 135, 136, 137]
2026-05-16 00:38:18,568 | WARNING | ai.pipeline | Sudden stop detected — track IDs: [98, 109, 110, 118, 123, 125, 129, 131, 135, 136, 137]
2026-05-16 00:38:18,645 | WARNING | ai.pipeline | Sudden stop detected — track IDs: [98, 109, 110, 118, 123, 125, 129, 131, 135, 136, 137]
2026-05-16 00:38:18,720 | WARNING | ai.pipeline | Sudden stop detected — track IDs: [98, 109, 110, 118, 123, 125, 129, 131, 135, 136, 137, 139, 140]
2026-05-16 00:38:18,795 | WARNING | ai.pipeline | Sudden stop detected — track IDs: [98, 109, 110, 118, 123, 125, 129, 131, 135, 136, 137, 139, 140]
2026-05-16 00:38:18,795 | WARNING | ai.pipeline | Wrong-way vehicle — track IDs: [110]
2026-05-16 00:38:18,872 | WARNING | ai.pipeline | Sudden stop detected — track IDs: [98, 109, 110, 118, 123, 125, 129, 131, 135, 136, 137, 139, 140]
2026-05-16 00:38:18,951 | WARNING | ai.pipeline | Sudden stop detected — track IDs: [98, 109, 110, 118, 123, 125, 129, 131, 135, 136, 137, 139, 140]
2026-05-16 00:38:19,027 | WARNING | ai.pipeline | Sudden stop detected — track IDs: [98, 109, 110, 118, 123, 125, 129, 135, 136, 137, 139, 140, 141]
2026-05-16 00:38:19,106 | WARNING | ai.pipeline | Sudden stop detected — track IDs: [98, 109, 110, 118, 123, 125, 129, 135, 136, 137, 139, 140, 141]
2026-05-16 00:38:19,181 | WARNING | ai.pipeline | Sudden stop detected — track IDs: [98, 109, 110, 118, 123, 125, 129, 135, 136, 137, 139, 140, 141]
2026-05-16 00:38:19,258 | WARNING | ai.pipeline | Sudden stop detected — track IDs: [98, 109, 110, 118, 123, 125, 129, 135, 136, 137, 139, 140, 141]
2026-05-16 00:38:19,337 | WARNING | ai.pipeline | Sudden stop detected — track IDs: [98, 109, 110, 118, 123, 125, 129, 135, 136, 137, 139, 140, 141]
2026-05-16 00:38:19,420 | WARNING | ai.pipeline | Sudden stop detected — track IDs: [98, 109, 110, 118, 123, 125, 129, 135, 136, 137, 139, 140, 141]
2026-05-16 00:38:19,497 | WARNING | ai.pipeline | Sudden stop detected — track IDs: [98, 109, 110, 118, 123, 125, 129, 135, 136, 137, 140, 141]
2026-05-16 00:38:19,569 | WARNING | ai.pipeline | Sudden stop detected — track IDs: [98, 109, 110, 118, 123, 125, 129, 135, 136, 137, 139, 140, 141]
2026-05-16 00:38:19,652 | WARNING | ai.pipeline | Sudden stop detected — track IDs: [98, 109, 110, 118, 123, 125, 129, 135, 136, 137, 139, 140, 141]
2026-05-16 00:38:19,729 | WARNING | ai.pipeline | Sudden stop detected — track IDs: [98, 109, 110, 118, 123, 125, 129, 135, 136, 137, 139, 140, 141]
2026-05-16 00:38:19,802 | WARNING | ai.pipeline | Sudden stop detected — track IDs: [98, 109, 110, 118, 123, 125, 129, 135, 136, 137, 139, 140, 141]
2026-05-16 00:38:19,879 | WARNING | ai.pipeline | Sudden stop detected — track IDs: [98, 109, 110, 118, 123, 125, 129, 135, 136, 137, 139, 140, 141]
2026-05-16 00:38:19,958 | WARNING | ai.pipeline | Sudden stop detected — track IDs: [98, 109, 110, 118, 123, 125, 129, 135, 136, 137, 139, 140, 141]
2026-05-16 00:38:20,034 | WARNING | ai.pipeline | Sudden stop detected — track IDs: [110, 118, 123, 125, 129, 135, 136, 137, 139, 140, 141, 142]
2026-05-16 00:38:20,113 | WARNING | ai.pipeline | Sudden stop detected — track IDs: [110, 118, 123, 125, 129, 135, 136, 137, 139, 140, 141, 142]
2026-05-16 00:38:20,188 | WARNING | ai.pipeline | Sudden stop detected — track IDs: [110, 118, 123, 125, 129, 135, 136, 137, 139, 140, 141, 142]
2026-05-16 00:38:20,265 | WARNING | ai.pipeline | Sudden stop detected — track IDs: [110, 118, 123, 125, 129, 135, 136, 137, 139, 140, 141, 142]
2026-05-16 00:38:20,344 | WARNING | ai.pipeline | Sudden stop detected — track IDs: [110, 118, 123, 125, 129, 135, 136, 137, 139, 140, 141, 142]
2026-05-16 00:38:20,425 | WARNING | ai.pipeline | Sudden stop detected — track IDs: [110, 118, 123, 125, 129, 135, 136, 137, 139, 140, 141, 142]
2026-05-16 00:38:20,498 | WARNING | ai.pipeline | Sudden stop detected — track IDs: [110, 118, 123, 125, 129, 135, 136, 137, 139, 140, 141, 142]
2026-05-16 00:38:20,576 | WARNING | ai.pipeline | Sudden stop detected — track IDs: [110, 118, 123, 125, 129, 135, 136, 137, 139, 140, 141, 142]
2026-05-16 00:38:20,653 | WARNING | ai.pipeline | Sudden stop detected — track IDs: [110, 118, 123, 125, 129, 135, 136, 137, 139, 140, 141, 142]
2026-05-16 00:38:20,732 | WARNING | ai.pipeline | Sudden stop detected — track IDs: [110, 118, 123, 125, 129, 135, 136, 137, 139, 140, 141, 142]
2026-05-16 00:38:20,806 | WARNING | ai.pipeline | Sudden stop detected — track IDs: [110, 118, 123, 125, 129, 136, 137, 139, 140, 141, 142]
2026-05-16 00:38:20,881 | WARNING | ai.pipeline | Sudden stop detected — track IDs: [110, 118, 123, 125, 129, 136, 137, 139, 140, 141, 142]
2026-05-16 00:38:20,961 | WARNING | ai.pipeline | Sudden stop detected — track IDs: [110, 118, 123, 125, 129, 136, 137, 139, 141, 142]
2026-05-16 00:38:21,039 | WARNING | ai.pipeline | Sudden stop detected — track IDs: [110, 123, 125, 129, 136, 137, 139, 140, 141, 142]
2026-05-16 00:38:21,114 | WARNING | ai.pipeline | Sudden stop detected — track IDs: [110, 123, 125, 129, 136, 137, 139, 141, 142]
2026-05-16 00:38:21,193 | WARNING | ai.pipeline | Sudden stop detected — track IDs: [110, 123, 125, 129, 136, 137, 139, 140, 141, 142]
2026-05-16 00:38:21,269 | WARNING | ai.pipeline | Sudden stop detected — track IDs: [110, 123, 125, 129, 136, 137, 139, 141, 142]
2026-05-16 00:38:21,345 | WARNING | ai.pipeline | Sudden stop detected — track IDs: [110, 123, 125, 129, 136, 137, 139, 141, 142]
2026-05-16 00:38:21,423 | WARNING | ai.pipeline | Sudden stop detected — track IDs: [110, 123, 125, 129, 136, 137, 139, 141, 142]
2026-05-16 00:38:21,503 | WARNING | ai.pipeline | Sudden stop detected — track IDs: [110, 123, 125, 129, 136, 137, 139, 141, 142, 144]
2026-05-16 00:38:21,586 | WARNING | ai.pipeline | Sudden stop detected — track IDs: [110, 123, 125, 129, 136, 137, 139, 141, 142, 144]
2026-05-16 00:38:21,658 | WARNING | ai.pipeline | Sudden stop detected — track IDs: [110, 123, 125, 129, 136, 137, 139, 141, 142, 144]
2026-05-16 00:38:21,734 | WARNING | ai.pipeline | Sudden stop detected — track IDs: [110, 123, 125, 129, 136, 137, 139, 141, 142, 144]
2026-05-16 00:38:21,813 | WARNING | ai.pipeline | Sudden stop detected — track IDs: [110, 123, 125, 129, 136, 137, 139, 141, 142, 144]
2026-05-16 00:38:21,892 | WARNING | ai.pipeline | Sudden stop detected — track IDs: [110, 123, 125, 129, 136, 137, 139, 141, 142, 144]
2026-05-16 00:38:21,967 | WARNING | ai.pipeline | Sudden stop detected — track IDs: [110, 123, 125, 129, 136, 137, 139, 141, 142, 144]
2026-05-16 00:38:22,048 | WARNING | ai.pipeline | Sudden stop detected — track IDs: [123, 125, 129, 136, 137, 139, 141, 142, 144]
2026-05-16 00:38:22,121 | WARNING | ai.pipeline | Sudden stop detected — track IDs: [123, 125, 129, 136, 137, 139, 141, 142, 144]
2026-05-16 00:38:22,200 | WARNING | ai.pipeline | Sudden stop detected — track IDs: [123, 125, 129, 136, 137, 139, 141, 142, 144]
2026-05-16 00:38:22,279 | WARNING | ai.pipeline | Sudden stop detected — track IDs: [123, 125, 129, 136, 137, 139, 140, 141, 142, 144]
2026-05-16 00:38:22,354 | WARNING | ai.pipeline | Sudden stop detected — track IDs: [123, 125, 129, 136, 137, 139, 141, 142]
2026-05-16 00:38:22,430 | WARNING | ai.pipeline | Sudden stop detected — track IDs: [123, 125, 129, 136, 137, 139, 141, 142, 144]
2026-05-16 00:38:22,513 | WARNING | ai.pipeline | Sudden stop detected — track IDs: [123, 125, 129, 136, 137, 139, 141, 142, 144]
2026-05-16 00:38:22,588 | WARNING | ai.pipeline | Sudden stop detected — track IDs: [123, 125, 129, 136, 137, 139, 141, 142, 146, 147]
2026-05-16 00:38:22,666 | WARNING | ai.pipeline | Sudden stop detected — track IDs: [123, 125, 136, 137, 139, 141, 142, 144, 146, 147]
2026-05-16 00:38:22,747 | WARNING | ai.pipeline | Sudden stop detected — track IDs: [123, 125, 136, 137, 139, 141, 142, 144, 146, 147]
2026-05-16 00:38:22,818 | WARNING | ai.pipeline | Sudden stop detected — track IDs: [123, 125, 136, 137, 139, 141, 144, 146, 147]
2026-05-16 00:38:22,903 | WARNING | ai.pipeline | Sudden stop detected — track IDs: [123, 125, 136, 137, 139, 141, 142, 144, 146, 147]
2026-05-16 00:38:22,980 | WARNING | ai.pipeline | Sudden stop detected — track IDs: [123, 125, 136, 137, 139, 142, 144, 146, 147]
2026-05-16 00:38:23,060 | WARNING | ai.pipeline | Sudden stop detected — track IDs: [123, 125, 136, 137, 139, 142, 144, 146, 147]
2026-05-16 00:38:23,132 | WARNING | ai.pipeline | Sudden stop detected — track IDs: [123, 125, 136, 137, 139, 144, 146, 147]
2026-05-16 00:38:23,212 | WARNING | ai.pipeline | Sudden stop detected — track IDs: [123, 125, 136, 137, 139, 142, 144, 146, 147]
2026-05-16 00:38:23,289 | WARNING | ai.pipeline | Sudden stop detected — track IDs: [123, 125, 136, 137, 139, 144, 146, 147]
2026-05-16 00:38:23,363 | WARNING | ai.pipeline | Sudden stop detected — track IDs: [123, 125, 136, 137, 139, 144, 146, 147]
2026-05-16 00:38:23,364 | INFO | ai.analytics.event_logger | Snapshot saved: outputs/snapshot_1778872103.json
2026-05-16 00:38:23,445 | WARNING | ai.pipeline | Sudden stop detected — track IDs: [123, 125, 136, 137, 139, 144, 146, 147]
2026-05-16 00:38:23,519 | WARNING | ai.pipeline | Sudden stop detected — track IDs: [123, 125, 136, 137, 139, 144, 146, 147, 150]
2026-05-16 00:38:23,597 | WARNING | ai.pipeline | Sudden stop detected — track IDs: [123, 125, 136, 137, 139, 144, 146, 147, 150]
2026-05-16 00:38:23,673 | WARNING | ai.pipeline | Sudden stop detected — track IDs: [123, 125, 136, 137, 139, 144, 146, 147, 150]
2026-05-16 00:38:23,753 | WARNING | ai.pipeline | Sudden stop detected — track IDs: [123, 125, 136, 137, 139, 144, 146, 147, 150]
2026-05-16 00:38:23,831 | WARNING | ai.pipeline | Sudden stop detected — track IDs: [123, 125, 136, 137, 139, 144, 146, 147, 150]
2026-05-16 00:38:23,909 | WARNING | ai.pipeline | Sudden stop detected — track IDs: [123, 125, 136, 137, 139, 144, 146, 147, 150]
2026-05-16 00:38:23,909 | WARNING | ai.pipeline | Wrong-way vehicle — track IDs: [150]
2026-05-16 00:38:23,991 | WARNING | ai.pipeline | Sudden stop detected — track IDs: [123, 125, 136, 137, 139, 144, 146, 147]
2026-05-16 00:38:24,070 | WARNING | ai.pipeline | Sudden stop detected — track IDs: [123, 125, 136, 137, 139, 144, 146, 147, 150]
2026-05-16 00:38:24,141 | WARNING | ai.pipeline | Sudden stop detected — track IDs: [123, 125, 136, 137, 139, 144, 146, 147, 150]
2026-05-16 00:38:24,218 | WARNING | ai.pipeline | Sudden stop detected — track IDs: [123, 136, 137, 139, 144, 146, 147, 150]
2026-05-16 00:38:24,295 | WARNING | ai.pipeline | Sudden stop detected — track IDs: [123, 136, 137, 139, 144, 146, 147, 150]
2026-05-16 00:38:24,370 | WARNING | ai.pipeline | Sudden stop detected — track IDs: [123, 136, 137, 139, 144, 146, 147, 150]
2026-05-16 00:38:24,449 | WARNING | ai.pipeline | Sudden stop detected — track IDs: [123, 136, 137, 139, 144, 146, 147, 150]
2026-05-16 00:38:24,537 | WARNING | ai.pipeline | Sudden stop detected — track IDs: [123, 136, 137, 139, 144, 146, 147, 150]
2026-05-16 00:38:24,619 | WARNING | ai.pipeline | Sudden stop detected — track IDs: [123, 136, 137, 139, 144, 146, 147, 150]
2026-05-16 00:38:24,709 | WARNING | ai.pipeline | Sudden stop detected — track IDs: [123, 136, 137, 139, 144, 146, 147, 150]
2026-05-16 00:38:24,800 | WARNING | ai.pipeline | Sudden stop detected — track IDs: [123, 136, 137, 139, 144, 146, 147, 150]
2026-05-16 00:38:24,880 | WARNING | ai.pipeline | Sudden stop detected — track IDs: [123, 136, 137, 139, 144, 146, 147, 150, 156]
2026-05-16 00:38:24,969 | WARNING | ai.pipeline | Sudden stop detected — track IDs: [123, 136, 137, 139, 144, 146, 147, 150, 156]
2026-05-16 00:38:24,970 | WARNING | ai.pipeline | Wrong-way vehicle — track IDs: [150]
2026-05-16 00:38:25,049 | WARNING | ai.pipeline | Sudden stop detected — track IDs: [123, 136, 137, 139, 144, 146, 147, 150, 156]
2026-05-16 00:38:25,141 | WARNING | ai.pipeline | Sudden stop detected — track IDs: [123, 136, 137, 139, 144, 146, 147, 156]
2026-05-16 00:38:25,220 | WARNING | ai.pipeline | Sudden stop detected — track IDs: [123, 136, 137, 139, 144, 146, 150, 156]
2026-05-16 00:38:25,311 | WARNING | ai.pipeline | Sudden stop detected — track IDs: [123, 136, 137, 139, 144, 146, 147, 150]
2026-05-16 00:38:25,377 | WARNING | ai.pipeline | Sudden stop detected — track IDs: [123, 136, 137, 139, 144, 146, 150, 159]
2026-05-16 00:38:25,457 | WARNING | ai.pipeline | Sudden stop detected — track IDs: [136, 137, 139, 144, 146, 150, 156, 159]
2026-05-16 00:38:25,535 | WARNING | ai.pipeline | Sudden stop detected — track IDs: [136, 137, 139, 144, 146, 150, 159]
2026-05-16 00:38:25,612 | WARNING | ai.pipeline | Sudden stop detected — track IDs: [136, 137, 139, 144, 146, 150, 159]
2026-05-16 00:38:25,612 | WARNING | ai.pipeline | Wrong-way vehicle — track IDs: [139, 150]
2026-05-16 00:38:25,689 | WARNING | ai.pipeline | Sudden stop detected — track IDs: [136, 137, 139, 144, 146, 150, 156, 159]
2026-05-16 00:38:25,767 | WARNING | ai.pipeline | Sudden stop detected — track IDs: [136, 137, 139, 144, 146, 150, 156, 159]
2026-05-16 00:38:25,843 | WARNING | ai.pipeline | Sudden stop detected — track IDs: [136, 137, 139, 144, 146, 150, 156, 159]
2026-05-16 00:38:25,924 | WARNING | ai.pipeline | Sudden stop detected — track IDs: [136, 137, 139, 144, 146, 150, 156, 159]
2026-05-16 00:38:26,000 | WARNING | ai.pipeline | Sudden stop detected — track IDs: [136, 137, 139, 144, 146, 150, 156, 159]
2026-05-16 00:38:26,077 | WARNING | ai.pipeline | Sudden stop detected — track IDs: [136, 137, 139, 144, 146, 150, 156, 159]
2026-05-16 00:38:26,153 | WARNING | ai.pipeline | Sudden stop detected — track IDs: [136, 137, 139, 144, 146, 150, 156, 159, 163]
2026-05-16 00:38:26,231 | WARNING | ai.pipeline | Sudden stop detected — track IDs: [136, 137, 139, 144, 146, 150, 156, 159, 163]
2026-05-16 00:38:26,310 | WARNING | ai.pipeline | Sudden stop detected — track IDs: [136, 137, 139, 144, 146, 150, 156, 159, 163]
2026-05-16 00:38:26,389 | WARNING | ai.pipeline | Sudden stop detected — track IDs: [136, 137, 139, 144, 146, 150, 156, 159, 163]
2026-05-16 00:38:26,465 | WARNING | ai.pipeline | Sudden stop detected — track IDs: [136, 137, 139, 144, 146, 150, 156, 159, 163]
2026-05-16 00:38:26,542 | WARNING | ai.pipeline | Sudden stop detected — track IDs: [136, 137, 139, 144, 146, 150, 156, 159, 163]
2026-05-16 00:38:26,619 | WARNING | ai.pipeline | Sudden stop detected — track IDs: [136, 137, 139, 144, 146, 150, 156, 159, 163]
2026-05-16 00:38:26,698 | WARNING | ai.pipeline | Sudden stop detected — track IDs: [136, 137, 139, 144, 146, 150, 156, 159, 163, 167]
2026-05-16 00:38:26,775 | WARNING | ai.pipeline | Sudden stop detected — track IDs: [136, 137, 139, 144, 146, 150, 156, 159, 163, 167]
2026-05-16 00:38:26,851 | WARNING | ai.pipeline | Sudden stop detected — track IDs: [136, 137, 139, 144, 146, 150, 156, 159, 163, 167]
2026-05-16 00:38:26,928 | WARNING | ai.pipeline | Sudden stop detected — track IDs: [136, 137, 139, 144, 146, 150, 156, 159, 163, 166, 167]
2026-05-16 00:38:27,009 | WARNING | ai.pipeline | Sudden stop detected — track IDs: [136, 137, 139, 144, 146, 150, 156, 159, 163, 166, 167]
2026-05-16 00:38:27,084 | WARNING | ai.pipeline | Sudden stop detected — track IDs: [136, 137, 139, 144, 146, 150, 156, 159, 163, 166, 167]
2026-05-16 00:38:27,084 | WARNING | ai.pipeline | Wrong-way vehicle — track IDs: [150]
2026-05-16 00:38:27,166 | WARNING | ai.pipeline | Sudden stop detected — track IDs: [136, 137, 139, 144, 146, 150, 156, 159, 163, 166, 167]
2026-05-16 00:38:27,238 | WARNING | ai.pipeline | Sudden stop detected — track IDs: [136, 137, 139, 144, 146, 150, 156, 159, 163, 166, 167]
2026-05-16 00:38:27,318 | WARNING | ai.pipeline | Sudden stop detected — track IDs: [136, 137, 139, 144, 146, 150, 156, 159, 163, 166, 167]
2026-05-16 00:38:27,398 | WARNING | ai.pipeline | Sudden stop detected — track IDs: [136, 137, 139, 144, 146, 150, 156, 159, 163, 166, 167]
2026-05-16 00:38:27,474 | WARNING | ai.pipeline | Sudden stop detected — track IDs: [136, 137, 139, 144, 146, 150, 156, 159, 163, 166, 167]
2026-05-16 00:38:27,551 | WARNING | ai.pipeline | Sudden stop detected — track IDs: [136, 137, 139, 144, 146, 150, 156, 159, 163, 166, 167]
2026-05-16 00:38:27,629 | WARNING | ai.pipeline | Sudden stop detected — track IDs: [136, 137, 139, 144, 146, 150, 156, 159, 163, 166, 167, 172]
2026-05-16 00:38:27,629 | WARNING | ai.pipeline | Wrong-way vehicle — track IDs: [150]
2026-05-16 00:38:27,706 | WARNING | ai.pipeline | Sudden stop detected — track IDs: [136, 137, 139, 144, 146, 150, 156, 159, 163, 166, 167, 172]
2026-05-16 00:38:27,782 | WARNING | ai.pipeline | Sudden stop detected — track IDs: [136, 137, 139, 144, 146, 150, 156, 163, 166, 167, 172]
2026-05-16 00:38:27,862 | WARNING | ai.pipeline | Sudden stop detected — track IDs: [136, 137, 139, 144, 146, 150, 156, 163, 166, 167, 172]
2026-05-16 00:38:27,938 | WARNING | ai.pipeline | Sudden stop detected — track IDs: [136, 137, 139, 144, 146, 150, 156, 163, 166, 167, 172]
2026-05-16 00:38:28,013 | WARNING | ai.pipeline | Sudden stop detected — track IDs: [136, 137, 139, 144, 146, 150, 156, 163, 166, 167, 172]
2026-05-16 00:38:28,101 | WARNING | ai.pipeline | Sudden stop detected — track IDs: [136, 137, 139, 144, 146, 150, 156, 163, 166, 167, 172]
2026-05-16 00:38:28,171 | WARNING | ai.pipeline | Sudden stop detected — track IDs: [136, 137, 139, 144, 146, 150, 156, 163, 166, 167, 172]
2026-05-16 00:38:28,248 | WARNING | ai.pipeline | Sudden stop detected — track IDs: [136, 137, 139, 144, 146, 150, 156, 163, 166, 167, 172]
2026-05-16 00:38:28,323 | WARNING | ai.pipeline | Sudden stop detected — track IDs: [136, 137, 139, 144, 146, 150, 156, 163, 166, 167, 172, 177]
2026-05-16 00:38:28,402 | WARNING | ai.pipeline | Sudden stop detected — track IDs: [136, 137, 139, 144, 146, 150, 156, 163, 166, 167, 172, 177]
2026-05-16 00:38:28,481 | WARNING | ai.pipeline | Sudden stop detected — track IDs: [136, 137, 139, 144, 146, 150, 156, 163, 166, 167, 172, 177]
2026-05-16 00:38:28,558 | WARNING | ai.pipeline | Sudden stop detected — track IDs: [136, 137, 139, 146, 150, 156, 163, 166, 167, 172, 177]
2026-05-16 00:38:28,638 | WARNING | ai.pipeline | Sudden stop detected — track IDs: [136, 137, 139, 146, 150, 156, 163, 167, 172, 177]
2026-05-16 00:38:28,715 | WARNING | ai.pipeline | Sudden stop detected — track IDs: [136, 137, 139, 146, 150, 156, 163, 167, 172, 177]
2026-05-16 00:38:28,715 | WARNING | ai.pipeline | Wrong-way vehicle — track IDs: [156]
2026-05-16 00:38:28,795 | WARNING | ai.pipeline | Sudden stop detected — track IDs: [136, 137, 139, 146, 150, 156, 163, 167, 172, 177]
2026-05-16 00:38:28,869 | WARNING | ai.pipeline | Sudden stop detected — track IDs: [136, 137, 139, 146, 150, 156, 163, 167, 172, 177]
2026-05-16 00:38:28,947 | WARNING | ai.pipeline | Sudden stop detected — track IDs: [136, 137, 139, 146, 150, 156, 163, 167, 172, 177]
2026-05-16 00:38:29,028 | WARNING | ai.pipeline | Sudden stop detected — track IDs: [136, 137, 139, 146, 150, 156, 163, 167, 172, 177]
2026-05-16 00:38:29,101 | WARNING | ai.pipeline | Sudden stop detected — track IDs: [136, 137, 139, 146, 150, 156, 163, 167, 172, 177]
2026-05-16 00:38:29,177 | WARNING | ai.pipeline | Sudden stop detected — track IDs: [136, 137, 139, 146, 150, 156, 163, 167, 172, 177]
2026-05-16 00:38:29,254 | WARNING | ai.pipeline | Sudden stop detected — track IDs: [136, 137, 139, 146, 150, 156, 163, 167, 172, 177]
2026-05-16 00:38:29,332 | WARNING | ai.pipeline | Sudden stop detected — track IDs: [136, 137, 139, 146, 150, 156, 163, 167, 172, 177]
2026-05-16 00:38:29,408 | WARNING | ai.pipeline | Sudden stop detected — track IDs: [136, 137, 139, 146, 150, 156, 163, 167, 172, 177]
2026-05-16 00:38:29,486 | WARNING | ai.pipeline | Sudden stop detected — track IDs: [136, 137, 139, 146, 150, 156, 163, 167, 172, 177]
2026-05-16 00:38:29,567 | WARNING | ai.pipeline | Sudden stop detected — track IDs: [136, 137, 139, 146, 150, 156, 163, 167, 172, 177]
2026-05-16 00:38:29,642 | WARNING | ai.pipeline | Sudden stop detected — track IDs: [136, 137, 139, 146, 150, 156, 163, 167, 172, 177]
2026-05-16 00:38:29,720 | WARNING | ai.pipeline | Sudden stop detected — track IDs: [136, 137, 139, 146, 150, 156, 163, 167, 172, 177]
2026-05-16 00:38:29,798 | WARNING | ai.pipeline | Sudden stop detected — track IDs: [136, 137, 139, 146, 150, 156, 163, 167, 172, 177, 187]
2026-05-16 00:38:29,873 | WARNING | ai.pipeline | Sudden stop detected — track IDs: [136, 137, 139, 146, 150, 156, 163, 167, 172, 187]
2026-05-16 00:38:29,952 | WARNING | ai.pipeline | Sudden stop detected — track IDs: [137, 139, 146, 150, 156, 163, 167, 172, 177]
2026-05-16 00:38:30,030 | WARNING | ai.pipeline | Sudden stop detected — track IDs: [137, 139, 146, 150, 156, 163, 167, 172, 177]
2026-05-16 00:38:30,107 | WARNING | ai.pipeline | Sudden stop detected — track IDs: [137, 139, 146, 150, 156, 163, 167, 172, 177]
2026-05-16 00:38:30,181 | WARNING | ai.pipeline | Sudden stop detected — track IDs: [137, 139, 146, 150, 156, 167, 172]
2026-05-16 00:38:30,262 | WARNING | ai.pipeline | Sudden stop detected — track IDs: [137, 139, 146, 150, 156, 167, 172]
2026-05-16 00:38:30,339 | WARNING | ai.pipeline | Sudden stop detected — track IDs: [137, 139, 146, 150, 156, 167, 172, 189]
2026-05-16 00:38:30,420 | WARNING | ai.pipeline | Sudden stop detected — track IDs: [137, 139, 146, 150, 156, 167, 172, 189]
2026-05-16 00:38:30,495 | WARNING | ai.pipeline | Sudden stop detected — track IDs: [137, 139, 146, 150, 156, 167, 172, 189]
2026-05-16 00:38:30,573 | WARNING | ai.pipeline | Sudden stop detected — track IDs: [137, 139, 146, 150, 156, 167, 172, 189]
2026-05-16 00:38:30,650 | WARNING | ai.pipeline | Sudden stop detected — track IDs: [137, 139, 146, 150, 156, 167, 172, 192]
2026-05-16 00:38:30,728 | WARNING | ai.pipeline | Sudden stop detected — track IDs: [137, 139, 146, 150, 156, 167, 172, 189, 192, 194]
2026-05-16 00:38:30,805 | WARNING | ai.pipeline | Sudden stop detected — track IDs: [137, 139, 146, 150, 156, 167, 172, 192, 194]
2026-05-16 00:38:30,883 | WARNING | ai.pipeline | Sudden stop detected — track IDs: [137, 139, 146, 150, 156, 167, 172, 189, 192, 194]
2026-05-16 00:38:30,959 | WARNING | ai.pipeline | Sudden stop detected — track IDs: [137, 139, 146, 150, 156, 167, 172, 189, 192, 194]
2026-05-16 00:38:31,038 | WARNING | ai.pipeline | Sudden stop detected — track IDs: [137, 139, 146, 150, 156, 167, 172, 189, 192, 194]
2026-05-16 00:38:31,115 | WARNING | ai.pipeline | Sudden stop detected — track IDs: [137, 139, 146, 150, 156, 167, 172, 189, 192, 194]
2026-05-16 00:38:31,194 | WARNING | ai.pipeline | Sudden stop detected — track IDs: [137, 139, 146, 150, 156, 167, 172, 189, 192, 194]
2026-05-16 00:38:31,271 | WARNING | ai.pipeline | Sudden stop detected — track IDs: [137, 139, 146, 150, 156, 167, 172, 189, 192, 194]
2026-05-16 00:38:31,348 | WARNING | ai.pipeline | Sudden stop detected — track IDs: [137, 139, 146, 150, 156, 167, 172, 189, 192, 194]
2026-05-16 00:38:31,424 | WARNING | ai.pipeline | Sudden stop detected — track IDs: [137, 139, 146, 150, 156, 167, 172, 189, 192, 194]
2026-05-16 00:38:31,501 | WARNING | ai.pipeline | Sudden stop detected — track IDs: [137, 139, 146, 150, 156, 167, 172, 189, 192, 194, 198]
2026-05-16 00:38:31,581 | WARNING | ai.pipeline | Sudden stop detected — track IDs: [137, 139, 146, 150, 156, 167, 172, 189, 192, 194, 198]
2026-05-16 00:38:31,658 | WARNING | ai.pipeline | Sudden stop detected — track IDs: [137, 139, 146, 150, 156, 167, 172, 189, 192, 194, 198]
2026-05-16 00:38:31,735 | WARNING | ai.pipeline | Sudden stop detected — track IDs: [137, 139, 146, 150, 156, 167, 172, 189, 192, 194, 198]
2026-05-16 00:38:31,813 | WARNING | ai.pipeline | Sudden stop detected — track IDs: [137, 139, 146, 150, 156, 167, 172, 189, 192, 194, 198]
2026-05-16 00:38:31,889 | WARNING | ai.pipeline | Sudden stop detected — track IDs: [137, 139, 146, 150, 156, 167, 172, 189, 192, 194]
2026-05-16 00:38:31,967 | WARNING | ai.pipeline | Sudden stop detected — track IDs: [137, 139, 146, 150, 156, 167, 172, 189, 192, 194, 198]
2026-05-16 00:38:32,042 | WARNING | ai.pipeline | Sudden stop detected — track IDs: [137, 139, 146, 150, 156, 167, 172, 189, 192, 194]
2026-05-16 00:38:32,122 | WARNING | ai.pipeline | Sudden stop detected — track IDs: [137, 139, 146, 150, 156, 167, 172, 189, 192, 194]
2026-05-16 00:38:32,201 | WARNING | ai.pipeline | Sudden stop detected — track IDs: [137, 139, 146, 150, 156, 167, 172, 189, 192, 194]
2026-05-16 00:38:32,277 | WARNING | ai.pipeline | Sudden stop detected — track IDs: [137, 139, 146, 150, 156, 167, 172, 189, 192, 194]
2026-05-16 00:38:32,353 | WARNING | ai.pipeline | Sudden stop detected — track IDs: [137, 139, 146, 150, 156, 167, 172, 189, 192, 194]
2026-05-16 00:38:32,431 | WARNING | ai.pipeline | Sudden stop detected — track IDs: [137, 139, 146, 150, 156, 167, 172, 189, 192, 194]
2026-05-16 00:38:32,508 | WARNING | ai.pipeline | Sudden stop detected — track IDs: [137, 139, 146, 150, 156, 167, 172, 189, 192, 194]
2026-05-16 00:38:32,586 | WARNING | ai.pipeline | Sudden stop detected — track IDs: [137, 139, 146, 150, 156, 167, 172, 189, 192, 194]
2026-05-16 00:38:32,665 | WARNING | ai.pipeline | Sudden stop detected — track IDs: [137, 139, 146, 150, 156, 167, 172, 189, 192, 194]
2026-05-16 00:38:32,743 | WARNING | ai.pipeline | Sudden stop detected — track IDs: [137, 139, 146, 150, 156, 167, 172, 189, 192, 194]
2026-05-16 00:38:32,820 | WARNING | ai.pipeline | Sudden stop detected — track IDs: [137, 139, 146, 150, 156, 167, 172, 189, 192, 194]
2026-05-16 00:38:32,896 | WARNING | ai.pipeline | Sudden stop detected — track IDs: [137, 139, 146, 150, 156, 167, 172, 189, 192, 194]
2026-05-16 00:38:32,974 | WARNING | ai.pipeline | Sudden stop detected — track IDs: [139, 146, 150, 156, 167, 172, 189, 192, 194]
2026-05-16 00:38:33,050 | WARNING | ai.pipeline | Sudden stop detected — track IDs: [139, 146, 150, 156, 167, 172, 189, 192, 194]
2026-05-16 00:38:33,126 | WARNING | ai.pipeline | Sudden stop detected — track IDs: [139, 146, 150, 156, 167, 172, 189, 192, 194]
2026-05-16 00:38:33,208 | WARNING | ai.pipeline | Sudden stop detected — track IDs: [139, 146, 150, 156, 167, 172, 189, 192, 194, 203]
2026-05-16 00:38:33,289 | WARNING | ai.pipeline | Sudden stop detected — track IDs: [146, 150, 156, 167, 172, 189, 192, 194, 203]
2026-05-16 00:38:33,365 | WARNING | ai.pipeline | Sudden stop detected — track IDs: [146, 156, 167, 172, 189, 192, 194, 203, 204]
2026-05-16 00:38:33,365 | INFO | ai.analytics.event_logger | Snapshot saved: outputs/snapshot_1778872113.json
2026-05-16 00:38:33,443 | WARNING | ai.pipeline | Sudden stop detected — track IDs: [146, 156, 167, 172, 189, 192, 194, 203, 204]
2026-05-16 00:38:33,518 | WARNING | ai.pipeline | Sudden stop detected — track IDs: [146, 156, 167, 172, 189, 194, 203, 204]
2026-05-16 00:38:33,596 | WARNING | ai.pipeline | Sudden stop detected — track IDs: [146, 156, 167, 172, 189, 192, 194, 203, 204]
2026-05-16 00:38:33,675 | WARNING | ai.pipeline | Sudden stop detected — track IDs: [146, 156, 167, 172, 189, 192, 194, 203, 204, 205]
2026-05-16 00:38:33,751 | WARNING | ai.pipeline | Sudden stop detected — track IDs: [146, 156, 167, 172, 189, 194, 203, 204]
2026-05-16 00:38:33,829 | WARNING | ai.pipeline | Sudden stop detected — track IDs: [146, 156, 167, 172, 189, 194, 203, 204, 205]
2026-05-16 00:38:33,906 | WARNING | ai.pipeline | Sudden stop detected — track IDs: [146, 156, 167, 172, 189, 203, 204, 205]
2026-05-16 00:38:33,984 | WARNING | ai.pipeline | Sudden stop detected — track IDs: [146, 156, 167, 172, 189, 194, 203, 204, 205]
2026-05-16 00:38:34,069 | WARNING | ai.pipeline | Sudden stop detected — track IDs: [146, 156, 167, 172, 189, 203, 204]
2026-05-16 00:38:34,140 | WARNING | ai.pipeline | Sudden stop detected — track IDs: [146, 156, 167, 172, 189, 203, 204, 205]
2026-05-16 00:38:34,217 | WARNING | ai.pipeline | Sudden stop detected — track IDs: [146, 156, 167, 172, 189, 203, 204, 205]
2026-05-16 00:38:34,295 | WARNING | ai.pipeline | Sudden stop detected — track IDs: [146, 156, 167, 172, 189, 203, 204, 205]
2026-05-16 00:38:34,376 | WARNING | ai.pipeline | Sudden stop detected — track IDs: [146, 156, 167, 172, 189, 203, 204]
2026-05-16 00:38:34,450 | WARNING | ai.pipeline | Sudden stop detected — track IDs: [146, 156, 167, 172, 189, 203, 204, 205]
2026-05-16 00:38:34,528 | WARNING | ai.pipeline | Sudden stop detected — track IDs: [146, 156, 167, 172, 189, 203, 204, 205]
2026-05-16 00:38:34,614 | WARNING | ai.pipeline | Sudden stop detected — track IDs: [146, 156, 167, 172, 189, 203, 204, 205]
2026-05-16 00:38:34,693 | WARNING | ai.pipeline | Sudden stop detected — track IDs: [146, 156, 167, 172, 189, 203, 204, 205]
2026-05-16 00:38:34,785 | WARNING | ai.pipeline | Sudden stop detected — track IDs: [146, 156, 167, 172, 189, 203, 204, 205]
2026-05-16 00:38:34,863 | WARNING | ai.pipeline | Sudden stop detected — track IDs: [146, 156, 167, 172, 189, 203, 204, 205]
2026-05-16 00:38:34,957 | WARNING | ai.pipeline | Sudden stop detected — track IDs: [146, 156, 167, 172, 189, 203, 204, 205, 209]
2026-05-16 00:38:35,049 | WARNING | ai.pipeline | Sudden stop detected — track IDs: [146, 156, 167, 172, 189, 203, 204, 205, 209]
2026-05-16 00:38:35,136 | WARNING | ai.pipeline | Sudden stop detected — track IDs: [146, 156, 167, 172, 189, 203, 204, 205, 209, 211]
2026-05-16 00:38:35,218 | WARNING | ai.pipeline | Sudden stop detected — track IDs: [146, 156, 167, 172, 189, 203, 204, 205, 209, 211]
2026-05-16 00:38:35,297 | WARNING | ai.pipeline | Sudden stop detected — track IDs: [146, 156, 167, 172, 189, 203, 204, 205, 209, 211]
2026-05-16 00:38:35,379 | WARNING | ai.pipeline | Sudden stop detected — track IDs: [146, 156, 167, 172, 189, 203, 204, 205, 209, 211]
2026-05-16 00:38:35,457 | WARNING | ai.pipeline | Sudden stop detected — track IDs: [146, 156, 167, 172, 189, 203, 204, 205, 209, 211]
2026-05-16 00:38:35,534 | WARNING | ai.pipeline | Sudden stop detected — track IDs: [146, 156, 167, 172, 189, 203, 204, 205, 209, 211, 212]
2026-05-16 00:38:35,614 | WARNING | ai.pipeline | Sudden stop detected — track IDs: [146, 156, 167, 172, 189, 203, 204, 205, 209, 211, 212]
2026-05-16 00:38:35,689 | WARNING | ai.pipeline | Sudden stop detected — track IDs: [146, 156, 167, 172, 189, 203, 204, 205, 209, 211, 212]
2026-05-16 00:38:35,766 | WARNING | ai.pipeline | Sudden stop detected — track IDs: [146, 156, 167, 172, 189, 203, 204, 205, 209, 211, 212]
2026-05-16 00:38:35,843 | WARNING | ai.pipeline | Sudden stop detected — track IDs: [146, 156, 167, 172, 189, 203, 204, 205, 209, 211, 212, 213]
2026-05-16 00:38:35,920 | WARNING | ai.pipeline | Sudden stop detected — track IDs: [146, 156, 167, 172, 189, 203, 204, 205, 209, 211, 212, 213]
2026-05-16 00:38:36,000 | WARNING | ai.pipeline | Sudden stop detected — track IDs: [146, 156, 167, 172, 189, 203, 204, 205, 209, 211, 212, 213]
2026-05-16 00:38:36,077 | WARNING | ai.pipeline | Sudden stop detected — track IDs: [146, 156, 167, 172, 189, 203, 204, 205, 209, 211, 212, 213]
2026-05-16 00:38:36,156 | WARNING | ai.pipeline | Sudden stop detected — track IDs: [146, 156, 167, 172, 189, 203, 204, 205, 209, 211, 212, 215]
2026-05-16 00:38:36,231 | WARNING | ai.pipeline | Sudden stop detected — track IDs: [146, 156, 167, 172, 189, 203, 204, 205, 209, 211, 212, 215]
2026-05-16 00:38:36,311 | WARNING | ai.pipeline | Sudden stop detected — track IDs: [146, 156, 167, 172, 189, 203, 204, 205, 209, 211, 212, 213, 215]
2026-05-16 00:38:36,391 | WARNING | ai.pipeline | Sudden stop detected — track IDs: [146, 156, 167, 172, 189, 203, 204, 205, 209, 211, 212, 213, 215]
2026-05-16 00:38:36,466 | WARNING | ai.pipeline | Sudden stop detected — track IDs: [146, 156, 167, 172, 189, 203, 204, 205, 209, 211, 212, 215, 216]
2026-05-16 00:38:36,543 | WARNING | ai.pipeline | Sudden stop detected — track IDs: [146, 156, 167, 172, 189, 203, 204, 205, 209, 211, 212, 215, 216]
2026-05-16 00:38:36,625 | WARNING | ai.pipeline | Sudden stop detected — track IDs: [146, 156, 167, 172, 189, 203, 204, 205, 209, 211, 212, 213, 215, 216]
2026-05-16 00:38:36,701 | WARNING | ai.pipeline | Sudden stop detected — track IDs: [146, 156, 167, 172, 189, 203, 204, 205, 209, 211, 212, 213, 215, 216]
2026-05-16 00:38:36,775 | WARNING | ai.pipeline | Sudden stop detected — track IDs: [146, 156, 167, 172, 189, 203, 204, 205, 209, 211, 212, 213, 215, 216]
2026-05-16 00:38:36,853 | WARNING | ai.pipeline | Sudden stop detected — track IDs: [146, 156, 167, 172, 189, 203, 204, 205, 209, 211, 212, 213, 215, 216]
2026-05-16 00:38:36,929 | WARNING | ai.pipeline | Sudden stop detected — track IDs: [146, 156, 167, 172, 189, 203, 204, 205, 211, 212, 213, 215, 216]
2026-05-16 00:38:37,006 | WARNING | ai.pipeline | Sudden stop detected — track IDs: [146, 156, 167, 172, 189, 203, 204, 205, 209, 211, 212, 213, 215, 216]
2026-05-16 00:38:37,085 | WARNING | ai.pipeline | Sudden stop detected — track IDs: [146, 156, 167, 172, 189, 203, 204, 205, 209, 211, 212, 213, 215, 216]
2026-05-16 00:38:37,162 | WARNING | ai.pipeline | Sudden stop detected — track IDs: [146, 156, 167, 172, 189, 203, 204, 205, 211, 212, 213, 215, 216, 219]
2026-05-16 00:38:37,236 | WARNING | ai.pipeline | Sudden stop detected — track IDs: [156, 167, 172, 189, 203, 204, 205, 211, 212, 213, 215, 216, 219]
2026-05-16 00:38:37,315 | WARNING | ai.pipeline | Sudden stop detected — track IDs: [156, 167, 172, 189, 203, 204, 205, 211, 212, 213, 215, 216]
2026-05-16 00:38:37,395 | WARNING | ai.pipeline | Sudden stop detected — track IDs: [156, 167, 172, 189, 203, 204, 205, 211, 212, 213, 215, 216]
2026-05-16 00:38:37,473 | WARNING | ai.pipeline | Sudden stop detected — track IDs: [156, 167, 172, 189, 203, 204, 205, 211, 212, 213, 215, 216, 219]
2026-05-16 00:38:37,552 | WARNING | ai.pipeline | Sudden stop detected — track IDs: [156, 167, 172, 189, 203, 204, 205, 211, 212, 213, 215, 216, 219]
2026-05-16 00:38:37,630 | WARNING | ai.pipeline | Sudden stop detected — track IDs: [156, 167, 172, 189, 203, 204, 205, 211, 213, 215, 216]
2026-05-16 00:38:37,706 | WARNING | ai.pipeline | Sudden stop detected — track IDs: [167, 172, 189, 203, 204, 205, 211, 212, 213, 215, 216]
2026-05-16 00:38:37,781 | WARNING | ai.pipeline | Sudden stop detected — track IDs: [167, 172, 189, 203, 204, 205, 211, 213, 215, 216]
2026-05-16 00:38:37,861 | WARNING | ai.pipeline | Sudden stop detected — track IDs: [167, 172, 189, 203, 204, 205, 211, 213, 215, 216]
2026-05-16 00:38:37,934 | WARNING | ai.pipeline | Sudden stop detected — track IDs: [167, 172, 189, 203, 204, 205, 211, 213, 215, 216, 219]
2026-05-16 00:38:38,011 | WARNING | ai.pipeline | Sudden stop detected — track IDs: [167, 172, 189, 203, 204, 205, 211, 213, 215, 216, 219]
2026-05-16 00:38:38,092 | WARNING | ai.pipeline | Sudden stop detected — track IDs: [167, 172, 189, 203, 204, 205, 211, 213, 215, 216, 219]
2026-05-16 00:38:38,168 | WARNING | ai.pipeline | Sudden stop detected — track IDs: [167, 172, 189, 203, 204, 205, 211, 213, 215, 216, 219]
2026-05-16 00:38:38,248 | WARNING | ai.pipeline | Sudden stop detected — track IDs: [167, 172, 189, 203, 204, 205, 211, 213, 215, 216, 219]
2026-05-16 00:38:38,323 | WARNING | ai.pipeline | Sudden stop detected — track IDs: [167, 172, 189, 203, 204, 205, 211, 213, 215, 216]
2026-05-16 00:38:38,402 | WARNING | ai.pipeline | Sudden stop detected — track IDs: [167, 172, 189, 203, 204, 205, 211, 213, 215, 216, 219]
2026-05-16 00:38:38,483 | WARNING | ai.pipeline | Sudden stop detected — track IDs: [167, 172, 189, 203, 204, 205, 211, 213, 215, 216, 219, 224]
2026-05-16 00:38:38,559 | WARNING | ai.pipeline | Sudden stop detected — track IDs: [167, 172, 189, 203, 204, 205, 211, 213, 215, 216, 219, 224]
2026-05-16 00:38:38,638 | WARNING | ai.pipeline | Sudden stop detected — track IDs: [167, 172, 189, 203, 204, 205, 211, 213, 215, 216, 219, 224]
2026-05-16 00:38:38,711 | WARNING | ai.pipeline | Sudden stop detected — track IDs: [167, 172, 189, 203, 204, 205, 211, 213, 215, 216, 219, 224]
2026-05-16 00:38:38,787 | WARNING | ai.pipeline | Sudden stop detected — track IDs: [167, 172, 189, 203, 204, 205, 211, 213, 215, 216, 219, 224]
2026-05-16 00:38:38,868 | WARNING | ai.pipeline | Sudden stop detected — track IDs: [167, 172, 189, 203, 204, 205, 211, 213, 215, 216, 219, 224]
2026-05-16 00:38:38,943 | WARNING | ai.pipeline | Sudden stop detected — track IDs: [167, 172, 189, 203, 204, 205, 211, 213, 215, 216, 219, 224]
2026-05-16 00:38:39,019 | WARNING | ai.pipeline | Sudden stop detected — track IDs: [167, 172, 189, 203, 204, 205, 213, 215, 216, 219, 224]
2026-05-16 00:38:39,098 | WARNING | ai.pipeline | Sudden stop detected — track IDs: [167, 172, 189, 203, 204, 205, 213, 215, 216, 219, 224]
2026-05-16 00:38:39,178 | WARNING | ai.pipeline | Sudden stop detected — track IDs: [167, 172, 189, 203, 204, 205, 213, 215, 216, 219, 224]
2026-05-16 00:38:39,253 | WARNING | ai.pipeline | Sudden stop detected — track IDs: [167, 172, 189, 203, 204, 205, 213, 215, 216, 219, 224]
2026-05-16 00:38:39,335 | WARNING | ai.pipeline | Sudden stop detected — track IDs: [167, 172, 189, 203, 204, 205, 213, 215, 216, 219, 224]
2026-05-16 00:38:39,415 | WARNING | ai.pipeline | Sudden stop detected — track IDs: [167, 172, 189, 203, 204, 205, 213, 215, 216, 219, 224]
2026-05-16 00:38:39,490 | WARNING | ai.pipeline | Sudden stop detected — track IDs: [167, 172, 189, 203, 204, 205, 213, 216, 219, 224, 229]
2026-05-16 00:38:39,564 | WARNING | ai.pipeline | Sudden stop detected — track IDs: [167, 172, 189, 203, 204, 205, 213, 215, 219, 224, 229]
2026-05-16 00:38:39,648 | WARNING | ai.pipeline | Sudden stop detected — track IDs: [167, 172, 189, 203, 204, 205, 213, 216, 219, 224, 229]
2026-05-16 00:38:39,724 | WARNING | ai.pipeline | Sudden stop detected — track IDs: [167, 172, 189, 203, 204, 205, 213, 216, 219, 224, 229]
2026-05-16 00:38:39,803 | WARNING | ai.pipeline | Sudden stop detected — track IDs: [167, 172, 189, 203, 204, 205, 213, 219, 224, 229]
2026-05-16 00:38:39,879 | WARNING | ai.pipeline | Sudden stop detected — track IDs: [167, 172, 189, 203, 204, 205, 213, 219, 224, 229]
2026-05-16 00:38:39,956 | WARNING | ai.pipeline | Sudden stop detected — track IDs: [167, 172, 189, 203, 204, 205, 213, 219, 224, 229]
2026-05-16 00:38:40,034 | WARNING | ai.pipeline | Sudden stop detected — track IDs: [167, 172, 189, 203, 204, 205, 213, 216, 219, 224, 229]
2026-05-16 00:38:40,109 | WARNING | ai.pipeline | Sudden stop detected — track IDs: [167, 172, 189, 203, 204, 205, 213, 219, 224, 229]
2026-05-16 00:38:40,193 | WARNING | ai.pipeline | Sudden stop detected — track IDs: [167, 172, 189, 203, 204, 205, 213, 219, 224, 229]
2026-05-16 00:38:40,275 | WARNING | ai.pipeline | Sudden stop detected — track IDs: [167, 172, 189, 203, 204, 205, 213, 219, 224, 229]
2026-05-16 00:38:40,360 | WARNING | ai.pipeline | Sudden stop detected — track IDs: [167, 172, 189, 203, 204, 205, 213, 219, 224, 229, 230]
2026-05-16 00:38:40,441 | WARNING | ai.pipeline | Sudden stop detected — track IDs: [167, 172, 189, 203, 204, 205, 213, 219, 224, 229, 230, 231]
2026-05-16 00:38:40,530 | WARNING | ai.pipeline | Sudden stop detected — track IDs: [167, 172, 189, 203, 204, 205, 213, 219, 224, 225, 229, 230, 231]
2026-05-16 00:38:40,608 | WARNING | ai.pipeline | Sudden stop detected — track IDs: [167, 172, 189, 203, 204, 205, 213, 219, 224, 225, 229, 230, 231]
2026-05-16 00:38:40,682 | WARNING | ai.pipeline | Sudden stop detected — track IDs: [167, 172, 189, 203, 204, 205, 213, 219, 224, 225, 229, 230, 231]
2026-05-16 00:38:40,759 | WARNING | ai.pipeline | Sudden stop detected — track IDs: [167, 172, 189, 203, 204, 205, 213, 219, 224, 225, 229, 230, 231]
2026-05-16 00:38:40,844 | WARNING | ai.pipeline | Sudden stop detected — track IDs: [167, 172, 189, 203, 204, 205, 213, 219, 224, 225, 229, 230, 231]
2026-05-16 00:38:40,929 | WARNING | ai.pipeline | Sudden stop detected — track IDs: [167, 172, 189, 203, 204, 205, 213, 219, 224, 225, 229, 230, 231]
2026-05-16 00:38:41,006 | WARNING | ai.pipeline | Sudden stop detected — track IDs: [167, 172, 189, 203, 204, 205, 213, 219, 224, 225, 229, 230, 231]
2026-05-16 00:38:41,092 | WARNING | ai.pipeline | Sudden stop detected — track IDs: [167, 172, 189, 203, 204, 205, 213, 219, 224, 225, 229, 230, 231]
2026-05-16 00:38:41,184 | WARNING | ai.pipeline | Sudden stop detected — track IDs: [167, 172, 189, 203, 204, 205, 213, 219, 224, 225, 229, 230, 231]
2026-05-16 00:38:41,275 | WARNING | ai.pipeline | Sudden stop detected — track IDs: [167, 172, 189, 203, 204, 205, 213, 219, 224, 225, 229, 230, 231]
2026-05-16 00:38:41,372 | WARNING | ai.pipeline | Sudden stop detected — track IDs: [167, 189, 203, 204, 205, 213, 219, 224, 225, 229, 230, 231]
2026-05-16 00:38:41,453 | WARNING | ai.pipeline | Sudden stop detected — track IDs: [167, 189, 203, 204, 205, 213, 219, 224, 225, 229, 230, 231]
2026-05-16 00:38:41,524 | WARNING | ai.pipeline | Sudden stop detected — track IDs: [167, 189, 203, 204, 205, 213, 219, 224, 225, 229, 230, 231]
2026-05-16 00:38:41,607 | WARNING | ai.pipeline | Sudden stop detected — track IDs: [167, 189, 203, 204, 205, 213, 219, 224, 225, 229, 230, 231, 233]
2026-05-16 00:38:41,688 | WARNING | ai.pipeline | Sudden stop detected — track IDs: [167, 189, 203, 204, 205, 213, 219, 224, 225, 229, 230, 231, 233]
2026-05-16 00:38:41,770 | WARNING | ai.pipeline | Sudden stop detected — track IDs: [167, 189, 203, 204, 205, 213, 219, 224, 225, 229, 230, 231, 233]
2026-05-16 00:38:41,854 | WARNING | ai.pipeline | Sudden stop detected — track IDs: [167, 189, 203, 204, 205, 213, 219, 224, 225, 229, 230, 231, 233]
2026-05-16 00:38:41,929 | WARNING | ai.pipeline | Sudden stop detected — track IDs: [167, 189, 203, 204, 205, 213, 219, 224, 225, 229, 230, 231, 233, 235]
2026-05-16 00:38:42,004 | WARNING | ai.pipeline | Sudden stop detected — track IDs: [167, 203, 204, 205, 213, 219, 224, 225, 229, 230, 231, 233, 235]
2026-05-16 00:38:42,086 | WARNING | ai.pipeline | Sudden stop detected — track IDs: [167, 203, 204, 205, 213, 219, 224, 225, 229, 230, 231, 233, 235]
2026-05-16 00:38:42,155 | WARNING | ai.pipeline | Sudden stop detected — track IDs: [167, 203, 204, 205, 213, 219, 224, 225, 229, 230, 231, 233, 235]
2026-05-16 00:38:42,236 | WARNING | ai.pipeline | Sudden stop detected — track IDs: [167, 203, 204, 205, 213, 219, 224, 225, 229, 230, 231, 233, 235]
2026-05-16 00:38:42,311 | WARNING | ai.pipeline | Sudden stop detected — track IDs: [167, 203, 204, 205, 213, 219, 224, 225, 229, 230, 231, 233, 235]
2026-05-16 00:38:42,397 | WARNING | ai.pipeline | Sudden stop detected — track IDs: [167, 203, 204, 205, 213, 219, 224, 225, 229, 230, 231, 233, 235]
2026-05-16 00:38:42,471 | WARNING | ai.pipeline | Sudden stop detected — track IDs: [167, 203, 204, 205, 213, 219, 224, 225, 229, 230, 231, 233, 235]
2026-05-16 00:38:42,542 | WARNING | ai.pipeline | Sudden stop detected — track IDs: [167, 203, 204, 205, 213, 219, 224, 225, 229, 230, 231, 233, 235]
2026-05-16 00:38:42,622 | WARNING | ai.pipeline | Sudden stop detected — track IDs: [167, 203, 204, 205, 213, 219, 224, 225, 229, 230, 231, 233, 235]
2026-05-16 00:38:42,698 | WARNING | ai.pipeline | Sudden stop detected — track IDs: [167, 203, 204, 205, 213, 219, 224, 225, 230, 231, 233, 235]
2026-05-16 00:38:42,776 | WARNING | ai.pipeline | Sudden stop detected — track IDs: [167, 203, 204, 205, 213, 219, 224, 225, 230, 231, 233, 235, 237]
2026-05-16 00:38:42,853 | WARNING | ai.pipeline | Sudden stop detected — track IDs: [167, 203, 204, 205, 213, 219, 224, 225, 230, 231, 233, 235, 237]
2026-05-16 00:38:42,930 | WARNING | ai.pipeline | Sudden stop detected — track IDs: [167, 203, 204, 205, 213, 219, 224, 225, 230, 231, 233, 235, 237]
2026-05-16 00:38:43,010 | WARNING | ai.pipeline | Sudden stop detected — track IDs: [167, 203, 204, 205, 213, 219, 224, 225, 230, 231, 233, 235, 237]
2026-05-16 00:38:43,090 | WARNING | ai.pipeline | Sudden stop detected — track IDs: [167, 203, 204, 205, 213, 219, 224, 225, 230, 231, 233, 235, 237]
2026-05-16 00:38:43,164 | WARNING | ai.pipeline | Sudden stop detected — track IDs: [167, 203, 204, 205, 213, 219, 224, 225, 230, 231, 233, 235, 237]
2026-05-16 00:38:43,237 | WARNING | ai.pipeline | Sudden stop detected — track IDs: [167, 203, 204, 205, 213, 219, 224, 225, 230, 231, 233, 235, 237]
2026-05-16 00:38:43,322 | WARNING | ai.pipeline | Sudden stop detected — track IDs: [167, 203, 204, 205, 213, 219, 224, 225, 230, 231, 233, 235, 237]
2026-05-16 00:38:43,395 | WARNING | ai.pipeline | Sudden stop detected — track IDs: [167, 203, 204, 205, 213, 219, 224, 225, 230, 231, 233, 235, 237]
2026-05-16 00:38:43,396 | INFO | ai.analytics.event_logger | Snapshot saved: outputs/snapshot_1778872123.json
2026-05-16 00:38:43,474 | WARNING | ai.pipeline | Sudden stop detected — track IDs: [167, 203, 204, 205, 213, 219, 224, 225, 230, 231, 233, 235, 237, 238]
2026-05-16 00:38:43,548 | WARNING | ai.pipeline | Sudden stop detected — track IDs: [167, 203, 204, 205, 213, 219, 224, 225, 230, 231, 233, 235, 237]
2026-05-16 00:38:43,625 | WARNING | ai.pipeline | Sudden stop detected — track IDs: [167, 203, 204, 205, 213, 219, 224, 225, 230, 231, 233, 235, 237, 238]
2026-05-16 00:38:43,707 | WARNING | ai.pipeline | Sudden stop detected — track IDs: [167, 203, 204, 205, 213, 219, 224, 225, 230, 231, 233, 235, 237, 238]
2026-05-16 00:38:43,782 | WARNING | ai.pipeline | Sudden stop detected — track IDs: [167, 203, 204, 205, 213, 219, 224, 225, 230, 231, 233, 235, 237, 238]
2026-05-16 00:38:43,859 | WARNING | ai.pipeline | Sudden stop detected — track IDs: [167, 203, 204, 205, 213, 219, 224, 225, 230, 231, 233, 235, 237, 238, 239]
2026-05-16 00:38:43,935 | WARNING | ai.pipeline | Sudden stop detected — track IDs: [167, 203, 204, 205, 213, 219, 224, 225, 230, 231, 233, 235, 237, 238, 239]
2026-05-16 00:38:44,015 | WARNING | ai.pipeline | Sudden stop detected — track IDs: [167, 203, 204, 205, 213, 219, 224, 225, 230, 231, 233, 235, 237, 238, 239]
2026-05-16 00:38:44,098 | WARNING | ai.pipeline | Sudden stop detected — track IDs: [167, 203, 204, 205, 213, 219, 224, 225, 230, 231, 233, 235, 237, 239]
2026-05-16 00:38:44,172 | WARNING | ai.pipeline | Sudden stop detected — track IDs: [167, 203, 204, 205, 213, 219, 224, 225, 230, 231, 233, 235, 237, 239]
2026-05-16 00:38:44,244 | WARNING | ai.pipeline | Sudden stop detected — track IDs: [167, 203, 204, 205, 213, 219, 224, 225, 230, 233, 235, 237, 238, 239, 242]
2026-05-16 00:38:44,319 | WARNING | ai.pipeline | Sudden stop detected — track IDs: [167, 203, 204, 205, 213, 219, 224, 225, 230, 231, 233, 235, 237, 238, 239, 242, 243]
2026-05-16 00:38:44,399 | WARNING | ai.pipeline | Sudden stop detected — track IDs: [167, 203, 204, 205, 213, 219, 224, 225, 230, 231, 233, 235, 237, 238, 239, 242, 243, 244]
2026-05-16 00:38:44,477 | WARNING | ai.pipeline | Sudden stop detected — track IDs: [167, 203, 204, 205, 213, 219, 224, 225, 230, 233, 235, 237, 238, 239, 242, 243, 244]
2026-05-16 00:38:44,560 | WARNING | ai.pipeline | Sudden stop detected — track IDs: [167, 203, 204, 205, 213, 219, 224, 225, 230, 233, 235, 237, 238, 239, 242, 243, 244]
2026-05-16 00:38:44,649 | WARNING | ai.pipeline | Sudden stop detected — track IDs: [167, 203, 204, 205, 213, 219, 224, 225, 230, 233, 237, 238, 239, 242, 243, 244]
2026-05-16 00:38:44,724 | WARNING | ai.pipeline | Sudden stop detected — track IDs: [167, 203, 204, 205, 213, 219, 224, 230, 233, 237, 238, 239, 242, 243, 244]
2026-05-16 00:38:44,800 | WARNING | ai.pipeline | Sudden stop detected — track IDs: [167, 203, 204, 205, 213, 219, 224, 230, 233, 237, 238, 239, 242, 243, 244]
2026-05-16 00:38:44,882 | WARNING | ai.pipeline | Sudden stop detected — track IDs: [167, 203, 204, 205, 213, 219, 224, 230, 233, 237, 238, 239, 242, 243, 244]
2026-05-16 00:38:44,961 | WARNING | ai.pipeline | Sudden stop detected — track IDs: [167, 203, 204, 205, 213, 219, 224, 230, 233, 237, 238, 239, 242, 243, 244]
2026-05-16 00:38:45,053 | WARNING | ai.pipeline | Sudden stop detected — track IDs: [167, 203, 204, 205, 213, 219, 224, 230, 233, 237, 238, 239, 242, 243, 244]
2026-05-16 00:38:45,133 | WARNING | ai.pipeline | Sudden stop detected — track IDs: [167, 203, 204, 205, 213, 219, 224, 233, 237, 238, 239, 242, 243, 244, 246]
2026-05-16 00:38:45,228 | WARNING | ai.pipeline | Sudden stop detected — track IDs: [167, 203, 204, 205, 213, 219, 224, 230, 233, 237, 238, 239, 242, 243, 244, 246]
2026-05-16 00:38:45,317 | WARNING | ai.pipeline | Sudden stop detected — track IDs: [167, 203, 204, 205, 213, 219, 224, 233, 237, 238, 239, 242, 243, 244, 246]
2026-05-16 00:38:45,389 | WARNING | ai.pipeline | Sudden stop detected — track IDs: [167, 203, 204, 205, 213, 219, 224, 233, 237, 238, 239, 242, 243, 246]
2026-05-16 00:38:45,461 | WARNING | ai.pipeline | Sudden stop detected — track IDs: [167, 203, 204, 205, 213, 219, 224, 233, 237, 238, 239, 242, 243, 244, 246]
2026-05-16 00:38:45,542 | WARNING | ai.pipeline | Sudden stop detected — track IDs: [167, 203, 204, 205, 213, 219, 224, 233, 237, 238, 239, 242, 243, 244, 246]
2026-05-16 00:38:45,614 | WARNING | ai.pipeline | Sudden stop detected — track IDs: [167, 203, 204, 205, 213, 219, 224, 233, 237, 238, 239, 242, 243, 244, 246]
2026-05-16 00:38:45,694 | WARNING | ai.pipeline | Sudden stop detected — track IDs: [167, 203, 204, 205, 213, 219, 224, 233, 237, 238, 239, 242, 243, 244, 246]
2026-05-16 00:38:45,772 | WARNING | ai.pipeline | Sudden stop detected — track IDs: [167, 203, 204, 205, 213, 219, 224, 233, 237, 238, 239, 242, 243, 246]
2026-05-16 00:38:45,851 | WARNING | ai.pipeline | Sudden stop detected — track IDs: [167, 203, 204, 205, 213, 219, 224, 233, 237, 238, 239, 242, 243, 244, 246]
2026-05-16 00:38:45,929 | WARNING | ai.pipeline | Sudden stop detected — track IDs: [167, 203, 204, 205, 213, 219, 224, 233, 237, 238, 239, 242, 243, 244, 246]
2026-05-16 00:38:46,010 | WARNING | ai.pipeline | Sudden stop detected — track IDs: [167, 203, 204, 205, 213, 219, 224, 233, 237, 238, 239, 242, 243, 244, 246]
2026-05-16 00:38:46,102 | WARNING | ai.pipeline | Sudden stop detected — track IDs: [167, 203, 204, 205, 213, 219, 224, 233, 237, 238, 239, 242, 243, 244, 246]
2026-05-16 00:38:46,187 | WARNING | ai.pipeline | Sudden stop detected — track IDs: [167, 203, 204, 205, 213, 219, 224, 233, 237, 238, 239, 242, 243, 244, 246]
2026-05-16 00:38:46,280 | WARNING | ai.pipeline | Sudden stop detected — track IDs: [167, 203, 204, 205, 213, 219, 224, 233, 237, 238, 239, 242, 243, 244, 246]
2026-05-16 00:38:46,362 | WARNING | ai.pipeline | Sudden stop detected — track IDs: [167, 203, 204, 205, 213, 219, 224, 233, 237, 238, 239, 242, 243, 244, 246, 250]
2026-05-16 00:38:46,440 | WARNING | ai.pipeline | Sudden stop detected — track IDs: [167, 203, 205, 213, 219, 224, 233, 237, 238, 239, 242, 243, 244, 246, 250]
2026-05-16 00:38:46,519 | WARNING | ai.pipeline | Sudden stop detected — track IDs: [167, 205, 213, 219, 224, 233, 237, 238, 239, 242, 243, 244, 246, 250]
2026-05-16 00:38:46,597 | WARNING | ai.pipeline | Sudden stop detected — track IDs: [167, 213, 219, 224, 233, 237, 238, 239, 242, 244, 246, 250, 251]
2026-05-16 00:38:46,674 | WARNING | ai.pipeline | Sudden stop detected — track IDs: [167, 213, 219, 224, 233, 237, 238, 239, 242, 244, 246, 250, 251]
2026-05-16 00:38:46,752 | WARNING | ai.pipeline | Sudden stop detected — track IDs: [167, 213, 219, 224, 233, 237, 238, 239, 242, 244, 246, 250, 251]
2026-05-16 00:38:46,827 | WARNING | ai.pipeline | Sudden stop detected — track IDs: [167, 213, 219, 224, 233, 237, 238, 239, 242, 244, 246, 250, 251]
2026-05-16 00:38:46,907 | WARNING | ai.pipeline | Sudden stop detected — track IDs: [167, 213, 219, 224, 233, 237, 238, 239, 242, 244, 246, 250, 251]
2026-05-16 00:38:46,986 | WARNING | ai.pipeline | Sudden stop detected — track IDs: [167, 213, 219, 224, 233, 237, 238, 239, 242, 244, 246, 250, 251]
2026-05-16 00:38:47,063 | WARNING | ai.pipeline | Sudden stop detected — track IDs: [167, 219, 224, 233, 237, 238, 239, 242, 244, 246, 250, 251]
2026-05-16 00:38:47,143 | WARNING | ai.pipeline | Sudden stop detected — track IDs: [167, 219, 224, 233, 237, 238, 239, 242, 244, 246, 250, 251]
2026-05-16 00:38:47,218 | WARNING | ai.pipeline | Sudden stop detected — track IDs: [167, 219, 233, 237, 238, 239, 242, 244, 246, 250, 251]
2026-05-16 00:38:47,319 | WARNING | ai.pipeline | Sudden stop detected — track IDs: [167, 219, 233, 237, 238, 239, 242, 244, 246, 250, 251]
2026-05-16 00:38:47,453 | WARNING | ai.pipeline | Sudden stop detected — track IDs: [167, 219, 233, 237, 238, 239, 242, 243, 244, 246, 250, 251]
2026-05-16 00:38:47,584 | WARNING | ai.pipeline | Sudden stop detected — track IDs: [167, 219, 233, 237, 238, 239, 242, 243, 244, 246, 250, 251]
2026-05-16 00:38:47,714 | WARNING | ai.pipeline | Sudden stop detected — track IDs: [167, 219, 233, 237, 238, 239, 242, 243, 244, 246, 250, 251, 252]
2026-05-16 00:38:47,828 | WARNING | ai.pipeline | Sudden stop detected — track IDs: [167, 219, 233, 237, 238, 239, 242, 243, 244, 246, 250, 251, 252]
2026-05-16 00:38:47,931 | WARNING | ai.pipeline | Sudden stop detected — track IDs: [167, 219, 233, 237, 238, 239, 242, 243, 244, 246, 250, 251, 252, 253]
2026-05-16 00:38:48,033 | WARNING | ai.pipeline | Sudden stop detected — track IDs: [167, 219, 233, 237, 238, 239, 242, 243, 244, 246, 250, 251, 252, 253]
2026-05-16 00:38:48,136 | WARNING | ai.pipeline | Sudden stop detected — track IDs: [167, 219, 233, 237, 238, 239, 242, 243, 244, 246, 250, 251, 252, 253]
2026-05-16 00:38:48,234 | WARNING | ai.pipeline | Sudden stop detected — track IDs: [167, 219, 233, 237, 238, 239, 242, 243, 244, 246, 250, 251, 252, 253]
2026-05-16 00:38:48,336 | WARNING | ai.pipeline | Sudden stop detected — track IDs: [167, 219, 233, 237, 238, 239, 242, 243, 244, 246, 250, 251, 252, 253]
2026-05-16 00:38:48,428 | WARNING | ai.pipeline | Sudden stop detected — track IDs: [167, 219, 233, 237, 238, 242, 243, 244, 246, 250, 251, 252, 253]
2026-05-16 00:38:48,516 | WARNING | ai.pipeline | Sudden stop detected — track IDs: [167, 219, 233, 237, 238, 242, 243, 244, 246, 250, 251, 253]
2026-05-16 00:38:48,612 | WARNING | ai.pipeline | Sudden stop detected — track IDs: [167, 219, 233, 237, 238, 242, 243, 244, 246, 250, 251, 252, 253]
2026-05-16 00:38:48,708 | WARNING | ai.pipeline | Sudden stop detected — track IDs: [167, 219, 233, 237, 238, 242, 243, 244, 246, 250, 251, 252, 253]
2026-05-16 00:38:48,815 | WARNING | ai.pipeline | Sudden stop detected — track IDs: [167, 219, 233, 237, 238, 242, 243, 244, 246, 250, 251, 252, 253]
2026-05-16 00:38:48,934 | WARNING | ai.pipeline | Sudden stop detected — track IDs: [167, 219, 233, 237, 238, 243, 244, 246, 250, 251, 252, 253]
2026-05-16 00:38:49,030 | WARNING | ai.pipeline | Sudden stop detected — track IDs: [167, 219, 233, 237, 238, 243, 244, 246, 250, 251, 252, 253]
2026-05-16 00:38:49,144 | WARNING | ai.pipeline | Sudden stop detected — track IDs: [167, 219, 233, 237, 238, 243, 244, 246, 250, 251, 252, 253]
2026-05-16 00:38:49,144 | WARNING | ai.pipeline | Wrong-way vehicle — track IDs: [244]
2026-05-16 00:38:49,249 | WARNING | ai.pipeline | Sudden stop detected — track IDs: [167, 219, 233, 237, 238, 243, 244, 246, 250, 251, 252, 253]
2026-05-16 00:38:49,369 | WARNING | ai.pipeline | Sudden stop detected — track IDs: [167, 219, 233, 237, 238, 243, 244, 246, 250, 251, 252, 253, 254]
2026-05-16 00:38:49,478 | WARNING | ai.pipeline | Sudden stop detected — track IDs: [167, 219, 233, 237, 238, 243, 244, 246, 250, 251, 252, 253, 254]
2026-05-16 00:38:49,587 | WARNING | ai.pipeline | Sudden stop detected — track IDs: [167, 219, 233, 237, 238, 242, 243, 244, 246, 250, 251, 252, 253, 254]
2026-05-16 00:38:49,703 | WARNING | ai.pipeline | Sudden stop detected — track IDs: [167, 219, 233, 237, 238, 242, 243, 244, 246, 250, 251, 252, 253, 254]
2026-05-16 00:38:49,805 | WARNING | ai.pipeline | Sudden stop detected — track IDs: [167, 219, 233, 237, 238, 243, 244, 246, 250, 251, 252, 253, 254]
2026-05-16 00:38:49,909 | WARNING | ai.pipeline | Sudden stop detected — track IDs: [167, 219, 233, 237, 238, 243, 244, 246, 250, 251, 252, 253, 254]
2026-05-16 00:38:50,010 | WARNING | ai.pipeline | Sudden stop detected — track IDs: [167, 219, 233, 237, 238, 243, 244, 246, 250, 251, 252, 253, 254]
2026-05-16 00:38:50,121 | WARNING | ai.pipeline | Sudden stop detected — track IDs: [167, 219, 233, 237, 238, 243, 244, 246, 250, 251, 252, 253, 254, 255]
2026-05-16 00:38:50,241 | WARNING | ai.pipeline | Sudden stop detected — track IDs: [167, 219, 233, 237, 238, 243, 244, 246, 250, 251, 252, 253, 254, 255]
2026-05-16 00:38:50,356 | WARNING | ai.pipeline | Sudden stop detected — track IDs: [167, 219, 233, 237, 238, 243, 244, 246, 250, 251, 252, 253, 254, 255]
2026-05-16 00:38:50,464 | WARNING | ai.pipeline | Sudden stop detected — track IDs: [167, 219, 233, 237, 238, 243, 244, 246, 250, 251, 252, 253, 254, 255]
2026-05-16 00:38:50,570 | WARNING | ai.pipeline | Sudden stop detected — track IDs: [167, 219, 233, 237, 238, 243, 244, 246, 250, 251, 252, 253, 254, 255, 256]
2026-05-16 00:38:50,675 | WARNING | ai.pipeline | Sudden stop detected — track IDs: [167, 219, 233, 237, 238, 243, 244, 246, 250, 251, 252, 253, 254, 255, 256]
2026-05-16 00:38:50,789 | WARNING | ai.pipeline | Sudden stop detected — track IDs: [167, 219, 233, 237, 238, 243, 244, 246, 250, 251, 252, 253, 254, 255, 256]
2026-05-16 00:38:50,896 | WARNING | ai.pipeline | Sudden stop detected — track IDs: [167, 219, 233, 237, 238, 244, 246, 250, 251, 252, 253, 254, 255, 256]
2026-05-16 00:38:51,002 | WARNING | ai.pipeline | Sudden stop detected — track IDs: [167, 219, 233, 237, 238, 244, 246, 250, 251, 252, 253, 254, 255, 256, 257]
2026-05-16 00:38:51,110 | WARNING | ai.pipeline | Sudden stop detected — track IDs: [167, 219, 233, 237, 238, 244, 246, 250, 251, 252, 253, 254, 255, 256, 257]
2026-05-16 00:38:51,223 | WARNING | ai.pipeline | Sudden stop detected — track IDs: [167, 219, 233, 237, 238, 244, 246, 250, 251, 252, 253, 254, 255, 256, 257]
2026-05-16 00:38:51,336 | WARNING | ai.pipeline | Sudden stop detected — track IDs: [167, 219, 233, 237, 238, 244, 246, 250, 251, 252, 253, 254, 255, 256, 257]
2026-05-16 00:38:51,470 | WARNING | ai.pipeline | Sudden stop detected — track IDs: [167, 219, 233, 237, 238, 244, 246, 250, 251, 252, 253, 254, 255, 256, 257]
2026-05-16 00:38:51,605 | WARNING | ai.pipeline | Sudden stop detected — track IDs: [167, 219, 233, 237, 238, 244, 246, 250, 251, 252, 253, 254, 255, 256, 257]
2026-05-16 00:38:51,726 | WARNING | ai.pipeline | Sudden stop detected — track IDs: [167, 219, 233, 237, 238, 244, 246, 250, 251, 252, 253, 254, 255, 256, 257]
2026-05-16 00:38:51,846 | WARNING | ai.pipeline | Sudden stop detected — track IDs: [167, 219, 233, 237, 238, 244, 246, 250, 251, 252, 253, 254, 255, 256, 257]
2026-05-16 00:38:51,978 | WARNING | ai.pipeline | Sudden stop detected — track IDs: [167, 219, 233, 237, 238, 244, 246, 250, 251, 252, 253, 254, 255, 256, 257]
2026-05-16 00:38:52,086 | WARNING | ai.pipeline | Sudden stop detected — track IDs: [167, 219, 233, 237, 238, 244, 246, 250, 252, 253, 254, 255, 256, 257]
2026-05-16 00:38:52,209 | WARNING | ai.pipeline | Sudden stop detected — track IDs: [167, 219, 233, 237, 238, 244, 246, 250, 251, 252, 253, 254, 255, 256, 257]
2026-05-16 00:38:52,331 | WARNING | ai.pipeline | Sudden stop detected — track IDs: [167, 219, 233, 237, 238, 244, 246, 250, 251, 252, 253, 254, 255, 256, 257]
2026-05-16 00:38:52,436 | WARNING | ai.pipeline | Sudden stop detected — track IDs: [167, 219, 233, 237, 238, 244, 246, 252, 253, 254, 255, 256, 257]
2026-05-16 00:38:52,550 | WARNING | ai.pipeline | Sudden stop detected — track IDs: [167, 233, 237, 238, 244, 246, 252, 253, 254, 255, 256, 257]
2026-05-16 00:38:52,668 | WARNING | ai.pipeline | Sudden stop detected — track IDs: [167, 233, 237, 238, 244, 246, 252, 253, 254, 255, 256, 257]
2026-05-16 00:38:52,792 | WARNING | ai.pipeline | Sudden stop detected — track IDs: [167, 233, 237, 238, 244, 246, 252, 253, 254, 255, 256, 257]
2026-05-16 00:38:52,890 | WARNING | ai.pipeline | Sudden stop detected — track IDs: [167, 237, 238, 244, 246, 252, 253, 254, 255, 256, 257]
2026-05-16 00:38:52,968 | WARNING | ai.pipeline | Sudden stop detected — track IDs: [167, 237, 238, 244, 246, 252, 254, 255, 256, 257]
2026-05-16 00:38:53,053 | WARNING | ai.pipeline | Sudden stop detected — track IDs: [167, 237, 238, 244, 246, 252, 254, 255, 256, 257]
2026-05-16 00:38:53,152 | WARNING | ai.pipeline | Sudden stop detected — track IDs: [167, 237, 238, 244, 246, 252, 254, 255, 256, 257]
2026-05-16 00:38:53,265 | WARNING | ai.pipeline | Sudden stop detected — track IDs: [167, 237, 238, 244, 246, 252, 254, 255, 256, 257]
2026-05-16 00:38:53,381 | WARNING | ai.pipeline | Sudden stop detected — track IDs: [167, 237, 238, 244, 246, 250, 252, 254, 255, 256, 257]
2026-05-16 00:38:53,484 | WARNING | ai.pipeline | Sudden stop detected — track IDs: [167, 237, 238, 244, 246, 252, 254, 255, 256, 257]
2026-05-16 00:38:53,485 | INFO | ai.analytics.event_logger | Snapshot saved: outputs/snapshot_1778872133.json
2026-05-16 00:38:53,605 | WARNING | ai.pipeline | Sudden stop detected — track IDs: [167, 237, 238, 244, 246, 250, 252, 254, 255, 256, 257]
2026-05-16 00:38:53,728 | WARNING | ai.pipeline | Sudden stop detected — track IDs: [167, 237, 238, 244, 246, 250, 252, 254, 255, 256, 257]
2026-05-16 00:38:53,839 | WARNING | ai.pipeline | Sudden stop detected — track IDs: [167, 237, 238, 244, 246, 250, 252, 254, 255, 256, 257]
2026-05-16 00:38:53,946 | WARNING | ai.pipeline | Sudden stop detected — track IDs: [167, 237, 238, 244, 246, 250, 252, 254, 255, 256, 257]
2026-05-16 00:38:54,064 | WARNING | ai.pipeline | Sudden stop detected — track IDs: [167, 237, 238, 244, 246, 250, 252, 254, 255, 256, 257, 258]
2026-05-16 00:38:54,199 | WARNING | ai.pipeline | Sudden stop detected — track IDs: [167, 237, 238, 244, 246, 250, 252, 254, 255, 256, 257, 258]
2026-05-16 00:38:54,327 | WARNING | ai.pipeline | Sudden stop detected — track IDs: [167, 237, 238, 244, 246, 250, 252, 254, 255, 256, 257, 258]
2026-05-16 00:38:54,442 | WARNING | ai.pipeline | Sudden stop detected — track IDs: [167, 237, 238, 244, 246, 250, 252, 254, 255, 256, 257, 258]
2026-05-16 00:38:54,563 | WARNING | ai.pipeline | Sudden stop detected — track IDs: [167, 237, 238, 244, 246, 250, 252, 254, 255, 256, 257, 258]
2026-05-16 00:38:54,669 | WARNING | ai.pipeline | Sudden stop detected — track IDs: [167, 237, 238, 244, 246, 250, 252, 254, 255, 256, 257, 258]
2026-05-16 00:38:54,771 | WARNING | ai.pipeline | Sudden stop detected — track IDs: [167, 237, 238, 244, 246, 250, 252, 254, 255, 256, 257, 258]
2026-05-16 00:38:54,879 | WARNING | ai.pipeline | Sudden stop detected — track IDs: [167, 237, 238, 244, 246, 250, 252, 254, 255, 256, 257, 258]
2026-05-16 00:38:54,986 | WARNING | ai.pipeline | Sudden stop detected — track IDs: [167, 237, 238, 244, 246, 250, 252, 254, 255, 256, 257, 258]
2026-05-16 00:38:55,114 | WARNING | ai.pipeline | Sudden stop detected — track IDs: [167, 237, 238, 244, 246, 250, 252, 254, 255, 256, 257, 258]
2026-05-16 00:38:55,230 | WARNING | ai.pipeline | Sudden stop detected — track IDs: [167, 237, 238, 244, 246, 250, 252, 254, 255, 256, 257, 258, 261, 262]
2026-05-16 00:38:55,330 | WARNING | ai.pipeline | Sudden stop detected — track IDs: [167, 237, 238, 244, 246, 250, 252, 254, 255, 256, 257, 258, 261, 262]
2026-05-16 00:38:55,438 | WARNING | ai.pipeline | Sudden stop detected — track IDs: [167, 237, 238, 244, 246, 250, 252, 254, 255, 256, 257, 258, 261, 262]
2026-05-16 00:38:55,539 | WARNING | ai.pipeline | Sudden stop detected — track IDs: [237, 238, 244, 246, 250, 252, 254, 255, 256, 257, 258, 261, 262]
2026-05-16 00:38:55,635 | WARNING | ai.pipeline | Sudden stop detected — track IDs: [237, 238, 244, 246, 250, 252, 254, 255, 256, 257, 258, 261, 262]
2026-05-16 00:38:55,750 | WARNING | ai.pipeline | Sudden stop detected — track IDs: [237, 238, 244, 246, 250, 252, 254, 255, 256, 257, 258, 261, 262]
2026-05-16 00:38:55,851 | WARNING | ai.pipeline | Sudden stop detected — track IDs: [237, 238, 244, 246, 250, 252, 254, 255, 257, 258, 261, 262]
2026-05-16 00:38:55,940 | WARNING | ai.pipeline | Sudden stop detected — track IDs: [237, 238, 244, 246, 250, 252, 254, 255, 257, 258, 261, 262]
2026-05-16 00:38:56,035 | WARNING | ai.pipeline | Sudden stop detected — track IDs: [237, 238, 244, 246, 250, 252, 254, 255, 257, 258, 261, 262, 263]
2026-05-16 00:38:56,127 | WARNING | ai.pipeline | Sudden stop detected — track IDs: [237, 238, 244, 246, 250, 252, 254, 255, 257, 258, 261, 262, 263]
2026-05-16 00:38:56,219 | WARNING | ai.pipeline | Sudden stop detected — track IDs: [237, 238, 244, 246, 250, 252, 254, 255, 257, 258, 261, 262, 263]
2026-05-16 00:38:56,310 | WARNING | ai.pipeline | Sudden stop detected — track IDs: [237, 238, 244, 246, 250, 252, 254, 255, 257, 258, 261, 262, 263]
2026-05-16 00:38:56,417 | WARNING | ai.pipeline | Sudden stop detected — track IDs: [237, 238, 244, 246, 250, 252, 254, 255, 257, 258, 261, 262, 263]
2026-05-16 00:38:56,520 | WARNING | ai.pipeline | Sudden stop detected — track IDs: [237, 238, 244, 246, 250, 252, 254, 255, 257, 258, 261, 262, 263]
2026-05-16 00:38:56,602 | WARNING | ai.pipeline | Sudden stop detected — track IDs: [237, 238, 244, 246, 250, 252, 254, 255, 257, 258, 261, 262, 263]
2026-05-16 00:38:56,678 | WARNING | ai.pipeline | Sudden stop detected — track IDs: [237, 238, 244, 246, 250, 252, 254, 255, 257, 258, 261, 262, 263]
2026-05-16 00:38:56,765 | WARNING | ai.pipeline | Sudden stop detected — track IDs: [237, 238, 244, 246, 250, 252, 254, 255, 257, 258, 261, 262, 263, 266]
2026-05-16 00:38:56,840 | WARNING | ai.pipeline | Sudden stop detected — track IDs: [237, 238, 244, 246, 250, 252, 254, 255, 257, 258, 261, 262, 263, 265, 266]
2026-05-16 00:38:56,916 | WARNING | ai.pipeline | Sudden stop detected — track IDs: [237, 238, 244, 246, 252, 254, 255, 257, 258, 261, 262, 263, 265, 266]
2026-05-16 00:38:56,992 | WARNING | ai.pipeline | Sudden stop detected — track IDs: [237, 238, 244, 246, 252, 254, 255, 257, 258, 261, 262, 263, 265, 266]
2026-05-16 00:38:57,073 | WARNING | ai.pipeline | Sudden stop detected — track IDs: [237, 238, 244, 246, 252, 254, 255, 257, 258, 261, 262, 263, 265, 266]
2026-05-16 00:38:57,145 | WARNING | ai.pipeline | Sudden stop detected — track IDs: [237, 238, 244, 246, 252, 254, 255, 257, 258, 261, 262, 263, 265, 266]
2026-05-16 00:38:57,160 | INFO | ai.pipeline | Shutdown requested.
2026-05-16 00:38:57,184 | INFO | ai.pipeline | Session ended | frames=1023 | duration=83.9s | avg_fps=12.2
